timestamp,people_count,queue_length,_synthetic
2026-08-14T08:00:00,11,2,SYNTHETIC DEMO DATA
2026-08-14T08:05:00,12,1,SYNTHETIC DEMO DATA
2026-08-14T08:10:00,15,1,SYNTHETIC DEMO DATA
2026-08-14T08:15:00,15,2,SYNTHETIC DEMO DATA
2026-08-14T08:20:00,13,1,SYNTHETIC DEMO DATA
2026-08-14T08:25:00,16,1,SYNTHETIC DEMO DATA
2026-08-14T08:30:00,17,1,SYNTHETIC DEMO DATA
2026-08-14T08:35:00,17,2,SYNTHETIC DEMO DATA
2026-08-14T08:40:00,18,3,SYNTHETIC DEMO DATA
2026-08-14T08:45:00,15,1,SYNTHETIC DEMO DATA
2026-08-14T08:50:00,18,2,SYNTHETIC DEMO DATA
2026-08-14T08:55:00,22,2,SYNTHETIC DEMO DATA
2026-08-14T09:00:00,21,3,SYNTHETIC DEMO DATA
2026-08-14T09:05:00,21,2,SYNTHETIC DEMO DATA
2026-08-14T09:10:00,24,2,SYNTHETIC DEMO DATA
2026-08-14T09:15:00,23,3,SYNTHETIC DEMO DATA
2026-08-14T09:20:00,26,4,SYNTHETIC DEMO DATA
2026-08-14T09:25:00,28,3,SYNTHETIC DEMO DATA
2026-08-14T09:30:00,28,2,SYNTHETIC DEMO DATA
2026-08-14T09:35:00,26,2,SYNTHETIC DEMO DATA
2026-08-14T09:40:00,34,3,SYNTHETIC DEMO DATA
2026-08-14T09:45:00,27,3,SYNTHETIC DEMO DATA
2026-08-14T09:50:00,27,3,SYNTHETIC DEMO DATA
2026-08-14T09:55:00,31,2,SYNTHETIC DEMO DATA
2026-08-14T10:00:00,37,2,SYNTHETIC DEMO DATA
2026-08-14T10:05:00,35,3,SYNTHETIC DEMO DATA
2026-08-14T10:10:00,37,3,SYNTHETIC DEMO DATA
2026-08-14T10:15:00,27,2,SYNTHETIC DEMO DATA
2026-08-14T10:20:00,34,2,SYNTHETIC DEMO DATA
2026-08-14T10:25:00,35,5,SYNTHETIC DEMO DATA
2026-08-14T10:30:00,45,6,SYNTHETIC DEMO DATA
2026-08-14T10:35:00,44,4,SYNTHETIC DEMO DATA
2026-08-14T10:40:00,45,5,SYNTHETIC DEMO DATA
2026-08-14T10:45:00,48,3,SYNTHETIC DEMO DATA
2026-08-14T10:50:00,38,3,SYNTHETIC DEMO DATA
2026-08-14T10:55:00,49,6,SYNTHETIC DEMO DATA
2026-08-14T11:00:00,51,5,SYNTHETIC DEMO DATA
2026-08-14T11:05:00,52,5,SYNTHETIC DEMO DATA
2026-08-14T11:10:00,52,3,SYNTHETIC DEMO DATA
2026-08-14T11:15:00,60,5,SYNTHETIC DEMO DATA
2026-08-14T11:20:00,55,4,SYNTHETIC DEMO DATA
2026-08-14T11:25:00,63,4,SYNTHETIC DEMO DATA
2026-08-14T11:30:00,51,5,SYNTHETIC DEMO DATA
2026-08-14T11:35:00,69,8,SYNTHETIC DEMO DATA
2026-08-14T11:40:00,70,8,SYNTHETIC DEMO DATA
2026-08-14T11:45:00,65,7,SYNTHETIC DEMO DATA
2026-08-14T11:50:00,66,5,SYNTHETIC DEMO DATA
2026-08-14T11:55:00,72,4,SYNTHETIC DEMO DATA
2026-08-14T12:00:00,84,8,SYNTHETIC DEMO DATA
2026-08-14T12:05:00,76,5,SYNTHETIC DEMO DATA
2026-08-14T12:10:00,89,9,SYNTHETIC DEMO DATA
2026-08-14T12:15:00,75,7,SYNTHETIC DEMO DATA
2026-08-14T12:20:00,77,11,SYNTHETIC DEMO DATA
2026-08-14T12:25:00,70,9,SYNTHETIC DEMO DATA
2026-08-14T12:30:00,79,8,SYNTHETIC DEMO DATA
2026-08-14T12:35:00,85,7,SYNTHETIC DEMO DATA
2026-08-14T12:40:00,80,12,SYNTHETIC DEMO DATA
2026-08-14T12:45:00,83,4,SYNTHETIC DEMO DATA
2026-08-14T12:50:00,76,11,SYNTHETIC DEMO DATA
2026-08-14T12:55:00,79,7,SYNTHETIC DEMO DATA
2026-08-14T13:00:00,70,9,SYNTHETIC DEMO DATA
2026-08-14T13:05:00,74,11,SYNTHETIC DEMO DATA
2026-08-14T13:10:00,77,11,SYNTHETIC DEMO DATA
2026-08-14T13:15:00,78,6,SYNTHETIC DEMO DATA
2026-08-14T13:20:00,71,9,SYNTHETIC DEMO DATA
2026-08-14T13:25:00,87,7,SYNTHETIC DEMO DATA
2026-08-14T13:30:00,67,5,SYNTHETIC DEMO DATA
2026-08-14T13:35:00,68,5,SYNTHETIC DEMO DATA
2026-08-14T13:40:00,68,7,SYNTHETIC DEMO DATA
2026-08-14T13:45:00,65,6,SYNTHETIC DEMO DATA
2026-08-14T13:50:00,66,10,SYNTHETIC DEMO DATA
2026-08-14T13:55:00,62,5,SYNTHETIC DEMO DATA
2026-08-14T14:00:00,71,8,SYNTHETIC DEMO DATA
2026-08-14T14:05:00,64,8,SYNTHETIC DEMO DATA
2026-08-14T14:10:00,63,9,SYNTHETIC DEMO DATA
2026-08-14T14:15:00,58,8,SYNTHETIC DEMO DATA
2026-08-14T14:20:00,62,7,SYNTHETIC DEMO DATA
2026-08-14T14:25:00,57,6,SYNTHETIC DEMO DATA
2026-08-14T14:30:00,63,9,SYNTHETIC DEMO DATA
2026-08-14T14:35:00,65,5,SYNTHETIC DEMO DATA
2026-08-14T14:40:00,57,7,SYNTHETIC DEMO DATA
2026-08-14T14:45:00,59,6,SYNTHETIC DEMO DATA
2026-08-14T14:50:00,58,9,SYNTHETIC DEMO DATA
2026-08-14T14:55:00,53,4,SYNTHETIC DEMO DATA
2026-08-14T15:00:00,52,5,SYNTHETIC DEMO DATA
2026-08-14T15:05:00,54,8,SYNTHETIC DEMO DATA
2026-08-14T15:10:00,55,7,SYNTHETIC DEMO DATA
2026-08-14T15:15:00,61,9,SYNTHETIC DEMO DATA
2026-08-14T15:20:00,59,6,SYNTHETIC DEMO DATA
2026-08-14T15:25:00,64,5,SYNTHETIC DEMO DATA
2026-08-14T15:30:00,49,7,SYNTHETIC DEMO DATA
2026-08-14T15:35:00,56,4,SYNTHETIC DEMO DATA
2026-08-14T15:40:00,52,6,SYNTHETIC DEMO DATA
2026-08-14T15:45:00,52,5,SYNTHETIC DEMO DATA
2026-08-14T15:50:00,57,7,SYNTHETIC DEMO DATA
2026-08-14T15:55:00,60,9,SYNTHETIC DEMO DATA
2026-08-14T16:00:00,64,4,SYNTHETIC DEMO DATA
2026-08-14T16:05:00,61,4,SYNTHETIC DEMO DATA
2026-08-14T16:10:00,65,6,SYNTHETIC DEMO DATA
2026-08-14T16:15:00,54,8,SYNTHETIC DEMO DATA
2026-08-14T16:20:00,64,7,SYNTHETIC DEMO DATA
2026-08-14T16:25:00,73,4,SYNTHETIC DEMO DATA
2026-08-14T16:30:00,80,8,SYNTHETIC DEMO DATA
2026-08-14T16:35:00,67,4,SYNTHETIC DEMO DATA
2026-08-14T16:40:00,79,5,SYNTHETIC DEMO DATA
2026-08-14T16:45:00,77,4,SYNTHETIC DEMO DATA
2026-08-14T16:50:00,78,9,SYNTHETIC DEMO DATA
2026-08-14T16:55:00,75,11,SYNTHETIC DEMO DATA
2026-08-14T17:00:00,81,6,SYNTHETIC DEMO DATA
2026-08-14T17:05:00,89,6,SYNTHETIC DEMO DATA
2026-08-14T17:10:00,77,7,SYNTHETIC DEMO DATA
2026-08-14T17:15:00,80,5,SYNTHETIC DEMO DATA
2026-08-14T17:20:00,81,9,SYNTHETIC DEMO DATA
2026-08-14T17:25:00,105,9,SYNTHETIC DEMO DATA
2026-08-14T17:30:00,102,11,SYNTHETIC DEMO DATA
2026-08-14T17:35:00,88,6,SYNTHETIC DEMO DATA
2026-08-14T17:40:00,84,11,SYNTHETIC DEMO DATA
2026-08-14T17:45:00,82,5,SYNTHETIC DEMO DATA
2026-08-14T17:50:00,82,12,SYNTHETIC DEMO DATA
2026-08-14T17:55:00,88,10,SYNTHETIC DEMO DATA
2026-08-14T18:00:00,94,10,SYNTHETIC DEMO DATA
2026-08-14T18:05:00,93,13,SYNTHETIC DEMO DATA
2026-08-14T18:10:00,88,13,SYNTHETIC DEMO DATA
2026-08-14T18:15:00,86,8,SYNTHETIC DEMO DATA
2026-08-14T18:20:00,85,5,SYNTHETIC DEMO DATA
2026-08-14T18:25:00,82,12,SYNTHETIC DEMO DATA
2026-08-14T18:30:00,84,10,SYNTHETIC DEMO DATA
2026-08-14T18:35:00,70,4,SYNTHETIC DEMO DATA
2026-08-14T18:40:00,76,4,SYNTHETIC DEMO DATA
2026-08-14T18:45:00,77,8,SYNTHETIC DEMO DATA
2026-08-14T18:50:00,75,6,SYNTHETIC DEMO DATA
2026-08-14T18:55:00,76,10,SYNTHETIC DEMO DATA
2026-08-14T19:00:00,65,4,SYNTHETIC DEMO DATA
2026-08-14T19:05:00,63,4,SYNTHETIC DEMO DATA
2026-08-14T19:10:00,66,8,SYNTHETIC DEMO DATA
2026-08-14T19:15:00,65,7,SYNTHETIC DEMO DATA
2026-08-14T19:20:00,60,8,SYNTHETIC DEMO DATA
2026-08-14T19:25:00,57,7,SYNTHETIC DEMO DATA
2026-08-14T19:30:00,53,3,SYNTHETIC DEMO DATA
2026-08-14T19:35:00,59,7,SYNTHETIC DEMO DATA
2026-08-14T19:40:00,62,8,SYNTHETIC DEMO DATA
2026-08-14T19:45:00,48,6,SYNTHETIC DEMO DATA
2026-08-14T19:50:00,47,7,SYNTHETIC DEMO DATA
2026-08-14T19:55:00,47,3,SYNTHETIC DEMO DATA
2026-08-14T20:00:00,45,3,SYNTHETIC DEMO DATA
2026-08-14T20:05:00,46,5,SYNTHETIC DEMO DATA
2026-08-14T20:10:00,44,5,SYNTHETIC DEMO DATA
2026-08-14T20:15:00,38,4,SYNTHETIC DEMO DATA
2026-08-14T20:20:00,31,3,SYNTHETIC DEMO DATA
2026-08-14T20:25:00,38,3,SYNTHETIC DEMO DATA
2026-08-14T20:30:00,29,2,SYNTHETIC DEMO DATA
2026-08-14T20:35:00,32,2,SYNTHETIC DEMO DATA
2026-08-14T20:40:00,31,4,SYNTHETIC DEMO DATA
2026-08-14T20:45:00,26,1,SYNTHETIC DEMO DATA
2026-08-14T20:50:00,24,3,SYNTHETIC DEMO DATA
2026-08-14T20:55:00,23,2,SYNTHETIC DEMO DATA
2026-08-14T21:00:00,20,1,SYNTHETIC DEMO DATA
2026-08-14T21:05:00,22,2,SYNTHETIC DEMO DATA
2026-08-14T21:10:00,21,1,SYNTHETIC DEMO DATA
2026-08-14T21:15:00,20,1,SYNTHETIC DEMO DATA
2026-08-14T21:20:00,20,2,SYNTHETIC DEMO DATA
2026-08-14T21:25:00,21,2,SYNTHETIC DEMO DATA
2026-08-14T21:30:00,19,3,SYNTHETIC DEMO DATA
2026-08-14T21:35:00,20,2,SYNTHETIC DEMO DATA
2026-08-14T21:40:00,23,2,SYNTHETIC DEMO DATA
2026-08-14T21:45:00,21,1,SYNTHETIC DEMO DATA
2026-08-14T21:50:00,20,2,SYNTHETIC DEMO DATA
2026-08-14T21:55:00,21,1,SYNTHETIC DEMO DATA
2026-08-15T08:00:00,14,1,SYNTHETIC DEMO DATA
2026-08-15T08:05:00,15,1,SYNTHETIC DEMO DATA
2026-08-15T08:10:00,17,2,SYNTHETIC DEMO DATA
2026-08-15T08:15:00,16,2,SYNTHETIC DEMO DATA
2026-08-15T08:20:00,17,1,SYNTHETIC DEMO DATA
2026-08-15T08:25:00,20,2,SYNTHETIC DEMO DATA
2026-08-15T08:30:00,19,1,SYNTHETIC DEMO DATA
2026-08-15T08:35:00,20,3,SYNTHETIC DEMO DATA
2026-08-15T08:40:00,19,1,SYNTHETIC DEMO DATA
2026-08-15T08:45:00,21,1,SYNTHETIC DEMO DATA
2026-08-15T08:50:00,24,3,SYNTHETIC DEMO DATA
2026-08-15T08:55:00,27,2,SYNTHETIC DEMO DATA
2026-08-15T09:00:00,24,4,SYNTHETIC DEMO DATA
2026-08-15T09:05:00,25,3,SYNTHETIC DEMO DATA
2026-08-15T09:10:00,28,3,SYNTHETIC DEMO DATA
2026-08-15T09:15:00,27,3,SYNTHETIC DEMO DATA
2026-08-15T09:20:00,26,4,SYNTHETIC DEMO DATA
2026-08-15T09:25:00,33,2,SYNTHETIC DEMO DATA
2026-08-15T09:30:00,35,2,SYNTHETIC DEMO DATA
2026-08-15T09:35:00,34,3,SYNTHETIC DEMO DATA
2026-08-15T09:40:00,35,3,SYNTHETIC DEMO DATA
2026-08-15T09:45:00,37,4,SYNTHETIC DEMO DATA
2026-08-15T09:50:00,43,5,SYNTHETIC DEMO DATA
2026-08-15T09:55:00,44,5,SYNTHETIC DEMO DATA
2026-08-15T10:00:00,41,5,SYNTHETIC DEMO DATA
2026-08-15T10:05:00,41,6,SYNTHETIC DEMO DATA
2026-08-15T10:10:00,46,5,SYNTHETIC DEMO DATA
2026-08-15T10:15:00,46,5,SYNTHETIC DEMO DATA
2026-08-15T10:20:00,48,4,SYNTHETIC DEMO DATA
2026-08-15T10:25:00,50,3,SYNTHETIC DEMO DATA
2026-08-15T10:30:00,57,4,SYNTHETIC DEMO DATA
2026-08-15T10:35:00,60,5,SYNTHETIC DEMO DATA
2026-08-15T10:40:00,57,5,SYNTHETIC DEMO DATA
2026-08-15T10:45:00,61,8,SYNTHETIC DEMO DATA
2026-08-15T10:50:00,64,3,SYNTHETIC DEMO DATA
2026-08-15T10:55:00,60,4,SYNTHETIC DEMO DATA
2026-08-15T11:00:00,61,6,SYNTHETIC DEMO DATA
2026-08-15T11:05:00,69,3,SYNTHETIC DEMO DATA
2026-08-15T11:10:00,64,7,SYNTHETIC DEMO DATA
2026-08-15T11:15:00,67,7,SYNTHETIC DEMO DATA
2026-08-15T11:20:00,63,8,SYNTHETIC DEMO DATA
2026-08-15T11:25:00,76,11,SYNTHETIC DEMO DATA
2026-08-15T11:30:00,79,11,SYNTHETIC DEMO DATA
2026-08-15T11:35:00,77,11,SYNTHETIC DEMO DATA
2026-08-15T11:40:00,87,7,SYNTHETIC DEMO DATA
2026-08-15T11:45:00,81,9,SYNTHETIC DEMO DATA
2026-08-15T11:50:00,86,10,SYNTHETIC DEMO DATA
2026-08-15T11:55:00,88,7,SYNTHETIC DEMO DATA
2026-08-15T12:00:00,96,11,SYNTHETIC DEMO DATA
2026-08-15T12:05:00,96,14,SYNTHETIC DEMO DATA
2026-08-15T12:10:00,103,7,SYNTHETIC DEMO DATA
2026-08-15T12:15:00,93,10,SYNTHETIC DEMO DATA
2026-08-15T12:20:00,100,15,SYNTHETIC DEMO DATA
2026-08-15T12:25:00,102,10,SYNTHETIC DEMO DATA
2026-08-15T12:30:00,94,8,SYNTHETIC DEMO DATA
2026-08-15T12:35:00,99,10,SYNTHETIC DEMO DATA
2026-08-15T12:40:00,97,7,SYNTHETIC DEMO DATA
2026-08-15T12:45:00,94,12,SYNTHETIC DEMO DATA
2026-08-15T12:50:00,92,13,SYNTHETIC DEMO DATA
2026-08-15T12:55:00,97,5,SYNTHETIC DEMO DATA
2026-08-15T13:00:00,112,12,SYNTHETIC DEMO DATA
2026-08-15T13:05:00,94,6,SYNTHETIC DEMO DATA
2026-08-15T13:10:00,97,6,SYNTHETIC DEMO DATA
2026-08-15T13:15:00,106,10,SYNTHETIC DEMO DATA
2026-08-15T13:20:00,108,7,SYNTHETIC DEMO DATA
2026-08-15T13:25:00,89,5,SYNTHETIC DEMO DATA
2026-08-15T13:30:00,99,10,SYNTHETIC DEMO DATA
2026-08-15T13:35:00,82,6,SYNTHETIC DEMO DATA
2026-08-15T13:40:00,91,11,SYNTHETIC DEMO DATA
2026-08-15T13:45:00,92,14,SYNTHETIC DEMO DATA
2026-08-15T13:50:00,85,7,SYNTHETIC DEMO DATA
2026-08-15T13:55:00,77,5,SYNTHETIC DEMO DATA
2026-08-15T14:00:00,81,9,SYNTHETIC DEMO DATA
2026-08-15T14:05:00,80,11,SYNTHETIC DEMO DATA
2026-08-15T14:10:00,76,7,SYNTHETIC DEMO DATA
2026-08-15T14:15:00,77,10,SYNTHETIC DEMO DATA
2026-08-15T14:20:00,86,6,SYNTHETIC DEMO DATA
2026-08-15T14:25:00,80,9,SYNTHETIC DEMO DATA
2026-08-15T14:30:00,64,7,SYNTHETIC DEMO DATA
2026-08-15T14:35:00,79,7,SYNTHETIC DEMO DATA
2026-08-15T14:40:00,78,6,SYNTHETIC DEMO DATA
2026-08-15T14:45:00,80,7,SYNTHETIC DEMO DATA
2026-08-15T14:50:00,70,10,SYNTHETIC DEMO DATA
2026-08-15T14:55:00,69,10,SYNTHETIC DEMO DATA
2026-08-15T15:00:00,71,6,SYNTHETIC DEMO DATA
2026-08-15T15:05:00,70,7,SYNTHETIC DEMO DATA
2026-08-15T15:10:00,70,7,SYNTHETIC DEMO DATA
2026-08-15T15:15:00,73,5,SYNTHETIC DEMO DATA
2026-08-15T15:20:00,70,6,SYNTHETIC DEMO DATA
2026-08-15T15:25:00,70,10,SYNTHETIC DEMO DATA
2026-08-15T15:30:00,75,4,SYNTHETIC DEMO DATA
2026-08-15T15:35:00,76,9,SYNTHETIC DEMO DATA
2026-08-15T15:40:00,72,10,SYNTHETIC DEMO DATA
2026-08-15T15:45:00,73,9,SYNTHETIC DEMO DATA
2026-08-15T15:50:00,69,8,SYNTHETIC DEMO DATA
2026-08-15T15:55:00,63,4,SYNTHETIC DEMO DATA
2026-08-15T16:00:00,65,7,SYNTHETIC DEMO DATA
2026-08-15T16:05:00,81,12,SYNTHETIC DEMO DATA
2026-08-15T16:10:00,81,12,SYNTHETIC DEMO DATA
2026-08-15T16:15:00,79,4,SYNTHETIC DEMO DATA
2026-08-15T16:20:00,75,9,SYNTHETIC DEMO DATA
2026-08-15T16:25:00,79,6,SYNTHETIC DEMO DATA
2026-08-15T16:30:00,77,7,SYNTHETIC DEMO DATA
2026-08-15T16:35:00,101,9,SYNTHETIC DEMO DATA
2026-08-15T16:40:00,84,7,SYNTHETIC DEMO DATA
2026-08-15T16:45:00,94,7,SYNTHETIC DEMO DATA
2026-08-15T16:50:00,105,8,SYNTHETIC DEMO DATA
2026-08-15T16:55:00,99,7,SYNTHETIC DEMO DATA
2026-08-15T17:00:00,114,11,SYNTHETIC DEMO DATA
2026-08-15T17:05:00,104,8,SYNTHETIC DEMO DATA
2026-08-15T17:10:00,105,11,SYNTHETIC DEMO DATA
2026-08-15T17:15:00,108,9,SYNTHETIC DEMO DATA
2026-08-15T17:20:00,107,6,SYNTHETIC DEMO DATA
2026-08-15T17:25:00,98,12,SYNTHETIC DEMO DATA
2026-08-15T17:30:00,117,8,SYNTHETIC DEMO DATA
2026-08-15T17:35:00,115,17,SYNTHETIC DEMO DATA
2026-08-15T17:40:00,113,6,SYNTHETIC DEMO DATA
2026-08-15T17:45:00,106,7,SYNTHETIC DEMO DATA
2026-08-15T17:50:00,118,10,SYNTHETIC DEMO DATA
2026-08-15T17:55:00,117,6,SYNTHETIC DEMO DATA
2026-08-15T18:00:00,100,11,SYNTHETIC DEMO DATA
2026-08-15T18:05:00,100,15,SYNTHETIC DEMO DATA
2026-08-15T18:10:00,96,12,SYNTHETIC DEMO DATA
2026-08-15T18:15:00,113,7,SYNTHETIC DEMO DATA
2026-08-15T18:20:00,111,10,SYNTHETIC DEMO DATA
2026-08-15T18:25:00,91,11,SYNTHETIC DEMO DATA
2026-08-15T18:30:00,99,13,SYNTHETIC DEMO DATA
2026-08-15T18:35:00,94,10,SYNTHETIC DEMO DATA
2026-08-15T18:40:00,104,11,SYNTHETIC DEMO DATA
2026-08-15T18:45:00,96,14,SYNTHETIC DEMO DATA
2026-08-15T18:50:00,85,6,SYNTHETIC DEMO DATA
2026-08-15T18:55:00,81,12,SYNTHETIC DEMO DATA
2026-08-15T19:00:00,86,12,SYNTHETIC DEMO DATA
2026-08-15T19:05:00,68,5,SYNTHETIC DEMO DATA
2026-08-15T19:10:00,86,7,SYNTHETIC DEMO DATA
2026-08-15T19:15:00,80,11,SYNTHETIC DEMO DATA
2026-08-15T19:20:00,79,10,SYNTHETIC DEMO DATA
2026-08-15T19:25:00,80,5,SYNTHETIC DEMO DATA
2026-08-15T19:30:00,80,11,SYNTHETIC DEMO DATA
2026-08-15T19:35:00,64,5,SYNTHETIC DEMO DATA
2026-08-15T19:40:00,63,6,SYNTHETIC DEMO DATA
2026-08-15T19:45:00,55,7,SYNTHETIC DEMO DATA
2026-08-15T19:50:00,59,3,SYNTHETIC DEMO DATA
2026-08-15T19:55:00,58,3,SYNTHETIC DEMO DATA
2026-08-15T20:00:00,51,3,SYNTHETIC DEMO DATA
2026-08-15T20:05:00,55,4,SYNTHETIC DEMO DATA
2026-08-15T20:10:00,51,7,SYNTHETIC DEMO DATA
2026-08-15T20:15:00,58,6,SYNTHETIC DEMO DATA
2026-08-15T20:20:00,46,6,SYNTHETIC DEMO DATA
2026-08-15T20:25:00,43,4,SYNTHETIC DEMO DATA
2026-08-15T20:30:00,42,5,SYNTHETIC DEMO DATA
2026-08-15T20:35:00,35,5,SYNTHETIC DEMO DATA
2026-08-15T20:40:00,33,2,SYNTHETIC DEMO DATA
2026-08-15T20:45:00,38,6,SYNTHETIC DEMO DATA
2026-08-15T20:50:00,31,3,SYNTHETIC DEMO DATA
2026-08-15T20:55:00,33,4,SYNTHETIC DEMO DATA
2026-08-15T21:00:00,24,3,SYNTHETIC DEMO DATA
2026-08-15T21:05:00,28,2,SYNTHETIC DEMO DATA
2026-08-15T21:10:00,23,2,SYNTHETIC DEMO DATA
2026-08-15T21:15:00,28,3,SYNTHETIC DEMO DATA
2026-08-15T21:20:00,22,3,SYNTHETIC DEMO DATA
2026-08-15T21:25:00,26,2,SYNTHETIC DEMO DATA
2026-08-15T21:30:00,24,4,SYNTHETIC DEMO DATA
2026-08-15T21:35:00,22,3,SYNTHETIC DEMO DATA
2026-08-15T21:40:00,26,3,SYNTHETIC DEMO DATA
2026-08-15T21:45:00,28,3,SYNTHETIC DEMO DATA
2026-08-15T21:50:00,27,2,SYNTHETIC DEMO DATA
2026-08-15T21:55:00,25,3,SYNTHETIC DEMO DATA
2026-08-16T08:00:00,15,1,SYNTHETIC DEMO DATA
2026-08-16T08:05:00,15,2,SYNTHETIC DEMO DATA
2026-08-16T08:10:00,19,3,SYNTHETIC DEMO DATA
2026-08-16T08:15:00,17,2,SYNTHETIC DEMO DATA
2026-08-16T08:20:00,19,2,SYNTHETIC DEMO DATA
2026-08-16T08:25:00,19,3,SYNTHETIC DEMO DATA
2026-08-16T08:30:00,18,1,SYNTHETIC DEMO DATA
2026-08-16T08:35:00,17,2,SYNTHETIC DEMO DATA
2026-08-16T08:40:00,22,2,SYNTHETIC DEMO DATA
2026-08-16T08:45:00,25,2,SYNTHETIC DEMO DATA
2026-08-16T08:50:00,26,2,SYNTHETIC DEMO DATA
2026-08-16T08:55:00,24,2,SYNTHETIC DEMO DATA
2026-08-16T09:00:00,25,3,SYNTHETIC DEMO DATA
2026-08-16T09:05:00,25,3,SYNTHETIC DEMO DATA
2026-08-16T09:10:00,25,2,SYNTHETIC DEMO DATA
2026-08-16T09:15:00,29,3,SYNTHETIC DEMO DATA
2026-08-16T09:20:00,33,5,SYNTHETIC DEMO DATA
2026-08-16T09:25:00,32,4,SYNTHETIC DEMO DATA
2026-08-16T09:30:00,34,4,SYNTHETIC DEMO DATA
2026-08-16T09:35:00,31,4,SYNTHETIC DEMO DATA
2026-08-16T09:40:00,31,4,SYNTHETIC DEMO DATA
2026-08-16T09:45:00,40,3,SYNTHETIC DEMO DATA
2026-08-16T09:50:00,46,4,SYNTHETIC DEMO DATA
2026-08-16T09:55:00,47,4,SYNTHETIC DEMO DATA
2026-08-16T10:00:00,50,7,SYNTHETIC DEMO DATA
2026-08-16T10:05:00,47,3,SYNTHETIC DEMO DATA
2026-08-16T10:10:00,44,6,SYNTHETIC DEMO DATA
2026-08-16T10:15:00,43,5,SYNTHETIC DEMO DATA
2026-08-16T10:20:00,52,5,SYNTHETIC DEMO DATA
2026-08-16T10:25:00,50,6,SYNTHETIC DEMO DATA
2026-08-16T10:30:00,61,6,SYNTHETIC DEMO DATA
2026-08-16T10:35:00,52,5,SYNTHETIC DEMO DATA
2026-08-16T10:40:00,62,5,SYNTHETIC DEMO DATA
2026-08-16T10:45:00,63,5,SYNTHETIC DEMO DATA
2026-08-16T10:50:00,55,4,SYNTHETIC DEMO DATA
2026-08-16T10:55:00,59,7,SYNTHETIC DEMO DATA
2026-08-16T11:00:00,63,3,SYNTHETIC DEMO DATA
2026-08-16T11:05:00,65,5,SYNTHETIC DEMO DATA
2026-08-16T11:10:00,61,9,SYNTHETIC DEMO DATA
2026-08-16T11:15:00,66,9,SYNTHETIC DEMO DATA
2026-08-16T11:20:00,81,6,SYNTHETIC DEMO DATA
2026-08-16T11:25:00,72,6,SYNTHETIC DEMO DATA
2026-08-16T11:30:00,65,8,SYNTHETIC DEMO DATA
2026-08-16T11:35:00,84,12,SYNTHETIC DEMO DATA
2026-08-16T11:40:00,82,12,SYNTHETIC DEMO DATA
2026-08-16T11:45:00,89,8,SYNTHETIC DEMO DATA
2026-08-16T11:50:00,77,10,SYNTHETIC DEMO DATA
2026-08-16T11:55:00,84,5,SYNTHETIC DEMO DATA
2026-08-16T12:00:00,83,7,SYNTHETIC DEMO DATA
2026-08-16T12:05:00,81,6,SYNTHETIC DEMO DATA
2026-08-16T12:10:00,96,14,SYNTHETIC DEMO DATA
2026-08-16T12:15:00,81,5,SYNTHETIC DEMO DATA
2026-08-16T12:20:00,82,10,SYNTHETIC DEMO DATA
2026-08-16T12:25:00,108,8,SYNTHETIC DEMO DATA
2026-08-16T12:30:00,82,6,SYNTHETIC DEMO DATA
2026-08-16T12:35:00,89,10,SYNTHETIC DEMO DATA
2026-08-16T12:40:00,93,11,SYNTHETIC DEMO DATA
2026-08-16T12:45:00,108,12,SYNTHETIC DEMO DATA
2026-08-16T12:50:00,113,14,SYNTHETIC DEMO DATA
2026-08-16T12:55:00,104,11,SYNTHETIC DEMO DATA
2026-08-16T13:00:00,91,7,SYNTHETIC DEMO DATA
2026-08-16T13:05:00,102,10,SYNTHETIC DEMO DATA
2026-08-16T13:10:00,99,8,SYNTHETIC DEMO DATA
2026-08-16T13:15:00,107,12,SYNTHETIC DEMO DATA
2026-08-16T13:20:00,95,9,SYNTHETIC DEMO DATA
2026-08-16T13:25:00,89,7,SYNTHETIC DEMO DATA
2026-08-16T13:30:00,101,12,SYNTHETIC DEMO DATA
2026-08-16T13:35:00,70,7,SYNTHETIC DEMO DATA
2026-08-16T13:40:00,92,14,SYNTHETIC DEMO DATA
2026-08-16T13:45:00,85,10,SYNTHETIC DEMO DATA
2026-08-16T13:50:00,93,9,SYNTHETIC DEMO DATA
2026-08-16T13:55:00,89,13,SYNTHETIC DEMO DATA
2026-08-16T14:00:00,93,11,SYNTHETIC DEMO DATA
2026-08-16T14:05:00,88,6,SYNTHETIC DEMO DATA
2026-08-16T14:10:00,74,4,SYNTHETIC DEMO DATA
2026-08-16T14:15:00,71,7,SYNTHETIC DEMO DATA
2026-08-16T14:20:00,79,5,SYNTHETIC DEMO DATA
2026-08-16T14:25:00,84,6,SYNTHETIC DEMO DATA
2026-08-16T14:30:00,74,4,SYNTHETIC DEMO DATA
2026-08-16T14:35:00,69,10,SYNTHETIC DEMO DATA
2026-08-16T14:40:00,66,6,SYNTHETIC DEMO DATA
2026-08-16T14:45:00,76,11,SYNTHETIC DEMO DATA
2026-08-16T14:50:00,66,8,SYNTHETIC DEMO DATA
2026-08-16T14:55:00,78,6,SYNTHETIC DEMO DATA
2026-08-16T15:00:00,70,10,SYNTHETIC DEMO DATA
2026-08-16T15:05:00,55,7,SYNTHETIC DEMO DATA
2026-08-16T15:10:00,67,6,SYNTHETIC DEMO DATA
2026-08-16T15:15:00,73,6,SYNTHETIC DEMO DATA
2026-08-16T15:20:00,68,4,SYNTHETIC DEMO DATA
2026-08-16T15:25:00,67,8,SYNTHETIC DEMO DATA
2026-08-16T15:30:00,76,4,SYNTHETIC DEMO DATA
2026-08-16T15:35:00,79,5,SYNTHETIC DEMO DATA
2026-08-16T15:40:00,76,8,SYNTHETIC DEMO DATA
2026-08-16T15:45:00,77,6,SYNTHETIC DEMO DATA
2026-08-16T15:50:00,75,4,SYNTHETIC DEMO DATA
2026-08-16T15:55:00,69,5,SYNTHETIC DEMO DATA
2026-08-16T16:00:00,71,8,SYNTHETIC DEMO DATA
2026-08-16T16:05:00,82,12,SYNTHETIC DEMO DATA
2026-08-16T16:10:00,98,5,SYNTHETIC DEMO DATA
2026-08-16T16:15:00,88,8,SYNTHETIC DEMO DATA
2026-08-16T16:20:00,83,8,SYNTHETIC DEMO DATA
2026-08-16T16:25:00,89,7,SYNTHETIC DEMO DATA
2026-08-16T16:30:00,102,11,SYNTHETIC DEMO DATA
2026-08-16T16:35:00,88,11,SYNTHETIC DEMO DATA
2026-08-16T16:40:00,97,6,SYNTHETIC DEMO DATA
2026-08-16T16:45:00,95,10,SYNTHETIC DEMO DATA
2026-08-16T16:50:00,101,6,SYNTHETIC DEMO DATA
2026-08-16T16:55:00,116,13,SYNTHETIC DEMO DATA
2026-08-16T17:00:00,93,12,SYNTHETIC DEMO DATA
2026-08-16T17:05:00,109,15,SYNTHETIC DEMO DATA
2026-08-16T17:10:00,103,9,SYNTHETIC DEMO DATA
2026-08-16T17:15:00,116,16,SYNTHETIC DEMO DATA
2026-08-16T17:20:00,111,16,SYNTHETIC DEMO DATA
2026-08-16T17:25:00,113,13,SYNTHETIC DEMO DATA
2026-08-16T17:30:00,102,9,SYNTHETIC DEMO DATA
2026-08-16T17:35:00,100,8,SYNTHETIC DEMO DATA
2026-08-16T17:40:00,99,7,SYNTHETIC DEMO DATA
2026-08-16T17:45:00,118,6,SYNTHETIC DEMO DATA
2026-08-16T17:50:00,111,15,SYNTHETIC DEMO DATA
2026-08-16T17:55:00,121,10,SYNTHETIC DEMO DATA
2026-08-16T18:00:00,110,10,SYNTHETIC DEMO DATA
2026-08-16T18:05:00,114,14,SYNTHETIC DEMO DATA
2026-08-16T18:10:00,99,10,SYNTHETIC DEMO DATA
2026-08-16T18:15:00,111,12,SYNTHETIC DEMO DATA
2026-08-16T18:20:00,106,14,SYNTHETIC DEMO DATA
2026-08-16T18:25:00,95,7,SYNTHETIC DEMO DATA
2026-08-16T18:30:00,105,16,SYNTHETIC DEMO DATA
2026-08-16T18:35:00,104,11,SYNTHETIC DEMO DATA
2026-08-16T18:40:00,91,12,SYNTHETIC DEMO DATA
2026-08-16T18:45:00,90,5,SYNTHETIC DEMO DATA
2026-08-16T18:50:00,80,11,SYNTHETIC DEMO DATA
2026-08-16T18:55:00,88,8,SYNTHETIC DEMO DATA
2026-08-16T19:00:00,80,11,SYNTHETIC DEMO DATA
2026-08-16T19:05:00,92,6,SYNTHETIC DEMO DATA
2026-08-16T19:10:00,96,10,SYNTHETIC DEMO DATA
2026-08-16T19:15:00,76,5,SYNTHETIC DEMO DATA
2026-08-16T19:20:00,76,8,SYNTHETIC DEMO DATA
2026-08-16T19:25:00,71,6,SYNTHETIC DEMO DATA
2026-08-16T19:30:00,71,4,SYNTHETIC DEMO DATA
2026-08-16T19:35:00,70,9,SYNTHETIC DEMO DATA
2026-08-16T19:40:00,74,10,SYNTHETIC DEMO DATA
2026-08-16T19:45:00,66,3,SYNTHETIC DEMO DATA
2026-08-16T19:50:00,59,7,SYNTHETIC DEMO DATA
2026-08-16T19:55:00,47,3,SYNTHETIC DEMO DATA
2026-08-16T20:00:00,62,4,SYNTHETIC DEMO DATA
2026-08-16T20:05:00,56,5,SYNTHETIC DEMO DATA
2026-08-16T20:10:00,55,5,SYNTHETIC DEMO DATA
2026-08-16T20:15:00,49,3,SYNTHETIC DEMO DATA
2026-08-16T20:20:00,48,3,SYNTHETIC DEMO DATA
2026-08-16T20:25:00,45,5,SYNTHETIC DEMO DATA
2026-08-16T20:30:00,38,5,SYNTHETIC DEMO DATA
2026-08-16T20:35:00,33,4,SYNTHETIC DEMO DATA
2026-08-16T20:40:00,32,4,SYNTHETIC DEMO DATA
2026-08-16T20:45:00,29,2,SYNTHETIC DEMO DATA
2026-08-16T20:50:00,34,4,SYNTHETIC DEMO DATA
2026-08-16T20:55:00,26,2,SYNTHETIC DEMO DATA
2026-08-16T21:00:00,26,3,SYNTHETIC DEMO DATA
2026-08-16T21:05:00,24,2,SYNTHETIC DEMO DATA
2026-08-16T21:10:00,26,1,SYNTHETIC DEMO DATA
2026-08-16T21:15:00,25,3,SYNTHETIC DEMO DATA
2026-08-16T21:20:00,27,3,SYNTHETIC DEMO DATA
2026-08-16T21:25:00,23,2,SYNTHETIC DEMO DATA
2026-08-16T21:30:00,25,1,SYNTHETIC DEMO DATA
2026-08-16T21:35:00,27,2,SYNTHETIC DEMO DATA
2026-08-16T21:40:00,23,2,SYNTHETIC DEMO DATA
2026-08-16T21:45:00,24,3,SYNTHETIC DEMO DATA
2026-08-16T21:50:00,26,4,SYNTHETIC DEMO DATA
2026-08-16T21:55:00,21,1,SYNTHETIC DEMO DATA
2026-08-17T08:00:00,12,1,SYNTHETIC DEMO DATA
2026-08-17T08:05:00,13,2,SYNTHETIC DEMO DATA
2026-08-17T08:10:00,13,1,SYNTHETIC DEMO DATA
2026-08-17T08:15:00,14,2,SYNTHETIC DEMO DATA
2026-08-17T08:20:00,13,1,SYNTHETIC DEMO DATA
2026-08-17T08:25:00,16,1,SYNTHETIC DEMO DATA
2026-08-17T08:30:00,15,2,SYNTHETIC DEMO DATA
2026-08-17T08:35:00,17,1,SYNTHETIC DEMO DATA
2026-08-17T08:40:00,17,2,SYNTHETIC DEMO DATA
2026-08-17T08:45:00,17,2,SYNTHETIC DEMO DATA
2026-08-17T08:50:00,17,1,SYNTHETIC DEMO DATA
2026-08-17T08:55:00,21,2,SYNTHETIC DEMO DATA
2026-08-17T09:00:00,21,1,SYNTHETIC DEMO DATA
2026-08-17T09:05:00,20,2,SYNTHETIC DEMO DATA
2026-08-17T09:10:00,28,2,SYNTHETIC DEMO DATA
2026-08-17T09:15:00,20,2,SYNTHETIC DEMO DATA
2026-08-17T09:20:00,23,2,SYNTHETIC DEMO DATA
2026-08-17T09:25:00,27,3,SYNTHETIC DEMO DATA
2026-08-17T09:30:00,29,3,SYNTHETIC DEMO DATA
2026-08-17T09:35:00,28,4,SYNTHETIC DEMO DATA
2026-08-17T09:40:00,29,2,SYNTHETIC DEMO DATA
2026-08-17T09:45:00,29,3,SYNTHETIC DEMO DATA
2026-08-17T09:50:00,33,3,SYNTHETIC DEMO DATA
2026-08-17T09:55:00,33,2,SYNTHETIC DEMO DATA
2026-08-17T10:00:00,33,3,SYNTHETIC DEMO DATA
2026-08-17T10:05:00,34,5,SYNTHETIC DEMO DATA
2026-08-17T10:10:00,36,4,SYNTHETIC DEMO DATA
2026-08-17T10:15:00,38,5,SYNTHETIC DEMO DATA
2026-08-17T10:20:00,44,3,SYNTHETIC DEMO DATA
2026-08-17T10:25:00,46,4,SYNTHETIC DEMO DATA
2026-08-17T10:30:00,41,5,SYNTHETIC DEMO DATA
2026-08-17T10:35:00,38,3,SYNTHETIC DEMO DATA
2026-08-17T10:40:00,45,3,SYNTHETIC DEMO DATA
2026-08-17T10:45:00,46,5,SYNTHETIC DEMO DATA
2026-08-17T10:50:00,42,2,SYNTHETIC DEMO DATA
2026-08-17T10:55:00,41,4,SYNTHETIC DEMO DATA
2026-08-17T11:00:00,49,3,SYNTHETIC DEMO DATA
2026-08-17T11:05:00,47,3,SYNTHETIC DEMO DATA
2026-08-17T11:10:00,50,5,SYNTHETIC DEMO DATA
2026-08-17T11:15:00,45,4,SYNTHETIC DEMO DATA
2026-08-17T11:20:00,49,7,SYNTHETIC DEMO DATA
2026-08-17T11:25:00,62,7,SYNTHETIC DEMO DATA
2026-08-17T11:30:00,67,5,SYNTHETIC DEMO DATA
2026-08-17T11:35:00,70,4,SYNTHETIC DEMO DATA
2026-08-17T11:40:00,71,5,SYNTHETIC DEMO DATA
2026-08-17T11:45:00,77,8,SYNTHETIC DEMO DATA
2026-08-17T11:50:00,60,7,SYNTHETIC DEMO DATA
2026-08-17T11:55:00,86,7,SYNTHETIC DEMO DATA
2026-08-17T12:00:00,81,5,SYNTHETIC DEMO DATA
2026-08-17T12:05:00,66,7,SYNTHETIC DEMO DATA
2026-08-17T12:10:00,83,6,SYNTHETIC DEMO DATA
2026-08-17T12:15:00,75,4,SYNTHETIC DEMO DATA
2026-08-17T12:20:00,63,4,SYNTHETIC DEMO DATA
2026-08-17T12:25:00,82,4,SYNTHETIC DEMO DATA
2026-08-17T12:30:00,68,6,SYNTHETIC DEMO DATA
2026-08-17T12:35:00,77,11,SYNTHETIC DEMO DATA
2026-08-17T12:40:00,81,8,SYNTHETIC DEMO DATA
2026-08-17T12:45:00,81,9,SYNTHETIC DEMO DATA
2026-08-17T12:50:00,79,10,SYNTHETIC DEMO DATA
2026-08-17T12:55:00,77,4,SYNTHETIC DEMO DATA
2026-08-17T13:00:00,81,8,SYNTHETIC DEMO DATA
2026-08-17T13:05:00,85,7,SYNTHETIC DEMO DATA
2026-08-17T13:10:00,72,9,SYNTHETIC DEMO DATA
2026-08-17T13:15:00,78,9,SYNTHETIC DEMO DATA
2026-08-17T13:20:00,74,4,SYNTHETIC DEMO DATA
2026-08-17T13:25:00,76,11,SYNTHETIC DEMO DATA
2026-08-17T13:30:00,84,9,SYNTHETIC DEMO DATA
2026-08-17T13:35:00,78,4,SYNTHETIC DEMO DATA
2026-08-17T13:40:00,69,4,SYNTHETIC DEMO DATA
2026-08-17T13:45:00,67,7,SYNTHETIC DEMO DATA
2026-08-17T13:50:00,62,3,SYNTHETIC DEMO DATA
2026-08-17T13:55:00,73,4,SYNTHETIC DEMO DATA
2026-08-17T14:00:00,63,6,SYNTHETIC DEMO DATA
2026-08-17T14:05:00,68,8,SYNTHETIC DEMO DATA
2026-08-17T14:10:00,67,8,SYNTHETIC DEMO DATA
2026-08-17T14:15:00,61,4,SYNTHETIC DEMO DATA
2026-08-17T14:20:00,75,5,SYNTHETIC DEMO DATA
2026-08-17T14:25:00,68,10,SYNTHETIC DEMO DATA
2026-08-17T14:30:00,50,6,SYNTHETIC DEMO DATA
2026-08-17T14:35:00,61,6,SYNTHETIC DEMO DATA
2026-08-17T14:40:00,54,6,SYNTHETIC DEMO DATA
2026-08-17T14:45:00,52,7,SYNTHETIC DEMO DATA
2026-08-17T14:50:00,55,6,SYNTHETIC DEMO DATA
2026-08-17T14:55:00,59,5,SYNTHETIC DEMO DATA
2026-08-17T15:00:00,64,8,SYNTHETIC DEMO DATA
2026-08-17T15:05:00,46,3,SYNTHETIC DEMO DATA
2026-08-17T15:10:00,56,5,SYNTHETIC DEMO DATA
2026-08-17T15:15:00,52,6,SYNTHETIC DEMO DATA
2026-08-17T15:20:00,51,6,SYNTHETIC DEMO DATA
2026-08-17T15:25:00,52,3,SYNTHETIC DEMO DATA
2026-08-17T15:30:00,57,3,SYNTHETIC DEMO DATA
2026-08-17T15:35:00,63,8,SYNTHETIC DEMO DATA
2026-08-17T15:40:00,59,9,SYNTHETIC DEMO DATA
2026-08-17T15:45:00,63,8,SYNTHETIC DEMO DATA
2026-08-17T15:50:00,60,8,SYNTHETIC DEMO DATA
2026-08-17T15:55:00,58,4,SYNTHETIC DEMO DATA
2026-08-17T16:00:00,52,6,SYNTHETIC DEMO DATA
2026-08-17T16:05:00,64,5,SYNTHETIC DEMO DATA
2026-08-17T16:10:00,59,7,SYNTHETIC DEMO DATA
2026-08-17T16:15:00,68,8,SYNTHETIC DEMO DATA
2026-08-17T16:20:00,69,7,SYNTHETIC DEMO DATA
2026-08-17T16:25:00,62,6,SYNTHETIC DEMO DATA
2026-08-17T16:30:00,72,9,SYNTHETIC DEMO DATA
2026-08-17T16:35:00,62,3,SYNTHETIC DEMO DATA
2026-08-17T16:40:00,71,9,SYNTHETIC DEMO DATA
2026-08-17T16:45:00,78,10,SYNTHETIC DEMO DATA
2026-08-17T16:50:00,72,4,SYNTHETIC DEMO DATA
2026-08-17T16:55:00,85,7,SYNTHETIC DEMO DATA
2026-08-17T17:00:00,82,8,SYNTHETIC DEMO DATA
2026-08-17T17:05:00,96,6,SYNTHETIC DEMO DATA
2026-08-17T17:10:00,84,9,SYNTHETIC DEMO DATA
2026-08-17T17:15:00,96,7,SYNTHETIC DEMO DATA
2026-08-17T17:20:00,89,8,SYNTHETIC DEMO DATA
2026-08-17T17:25:00,81,6,SYNTHETIC DEMO DATA
2026-08-17T17:30:00,94,7,SYNTHETIC DEMO DATA
2026-08-17T17:35:00,90,7,SYNTHETIC DEMO DATA
2026-08-17T17:40:00,80,7,SYNTHETIC DEMO DATA
2026-08-17T17:45:00,85,6,SYNTHETIC DEMO DATA
2026-08-17T17:50:00,85,5,SYNTHETIC DEMO DATA
2026-08-17T17:55:00,93,9,SYNTHETIC DEMO DATA
2026-08-17T18:00:00,87,5,SYNTHETIC DEMO DATA
2026-08-17T18:05:00,87,10,SYNTHETIC DEMO DATA
2026-08-17T18:10:00,97,8,SYNTHETIC DEMO DATA
2026-08-17T18:15:00,89,11,SYNTHETIC DEMO DATA
2026-08-17T18:20:00,91,8,SYNTHETIC DEMO DATA
2026-08-17T18:25:00,85,8,SYNTHETIC DEMO DATA
2026-08-17T18:30:00,72,11,SYNTHETIC DEMO DATA
2026-08-17T18:35:00,78,6,SYNTHETIC DEMO DATA
2026-08-17T18:40:00,77,6,SYNTHETIC DEMO DATA
2026-08-17T18:45:00,79,10,SYNTHETIC DEMO DATA
2026-08-17T18:50:00,67,5,SYNTHETIC DEMO DATA
2026-08-17T18:55:00,75,10,SYNTHETIC DEMO DATA
2026-08-17T19:00:00,62,7,SYNTHETIC DEMO DATA
2026-08-17T19:05:00,70,8,SYNTHETIC DEMO DATA
2026-08-17T19:10:00,66,8,SYNTHETIC DEMO DATA
2026-08-17T19:15:00,63,9,SYNTHETIC DEMO DATA
2026-08-17T19:20:00,68,5,SYNTHETIC DEMO DATA
2026-08-17T19:25:00,67,6,SYNTHETIC DEMO DATA
2026-08-17T19:30:00,63,9,SYNTHETIC DEMO DATA
2026-08-17T19:35:00,54,3,SYNTHETIC DEMO DATA
2026-08-17T19:40:00,55,7,SYNTHETIC DEMO DATA
2026-08-17T19:45:00,48,6,SYNTHETIC DEMO DATA
2026-08-17T19:50:00,41,4,SYNTHETIC DEMO DATA
2026-08-17T19:55:00,46,6,SYNTHETIC DEMO DATA
2026-08-17T20:00:00,49,3,SYNTHETIC DEMO DATA
2026-08-17T20:05:00,39,2,SYNTHETIC DEMO DATA
2026-08-17T20:10:00,41,6,SYNTHETIC DEMO DATA
2026-08-17T20:15:00,36,3,SYNTHETIC DEMO DATA
2026-08-17T20:20:00,36,3,SYNTHETIC DEMO DATA
2026-08-17T20:25:00,32,2,SYNTHETIC DEMO DATA
2026-08-17T20:30:00,33,3,SYNTHETIC DEMO DATA
2026-08-17T20:35:00,32,2,SYNTHETIC DEMO DATA
2026-08-17T20:40:00,27,3,SYNTHETIC DEMO DATA
2026-08-17T20:45:00,22,3,SYNTHETIC DEMO DATA
2026-08-17T20:50:00,25,2,SYNTHETIC DEMO DATA
2026-08-17T20:55:00,22,2,SYNTHETIC DEMO DATA
2026-08-17T21:00:00,18,2,SYNTHETIC DEMO DATA
2026-08-17T21:05:00,20,2,SYNTHETIC DEMO DATA
2026-08-17T21:10:00,22,1,SYNTHETIC DEMO DATA
2026-08-17T21:15:00,22,2,SYNTHETIC DEMO DATA
2026-08-17T21:20:00,22,3,SYNTHETIC DEMO DATA
2026-08-17T21:25:00,19,2,SYNTHETIC DEMO DATA
2026-08-17T21:30:00,18,2,SYNTHETIC DEMO DATA
2026-08-17T21:35:00,19,2,SYNTHETIC DEMO DATA
2026-08-17T21:40:00,19,2,SYNTHETIC DEMO DATA
2026-08-17T21:45:00,20,2,SYNTHETIC DEMO DATA
2026-08-17T21:50:00,19,1,SYNTHETIC DEMO DATA
2026-08-17T21:55:00,20,2,SYNTHETIC DEMO DATA
2026-08-18T08:00:00,13,2,SYNTHETIC DEMO DATA
2026-08-18T08:05:00,14,2,SYNTHETIC DEMO DATA
2026-08-18T08:10:00,12,1,SYNTHETIC DEMO DATA
2026-08-18T08:15:00,13,2,SYNTHETIC DEMO DATA
2026-08-18T08:20:00,16,2,SYNTHETIC DEMO DATA
2026-08-18T08:25:00,14,1,SYNTHETIC DEMO DATA
2026-08-18T08:30:00,16,2,SYNTHETIC DEMO DATA
2026-08-18T08:35:00,16,2,SYNTHETIC DEMO DATA
2026-08-18T08:40:00,16,2,SYNTHETIC DEMO DATA
2026-08-18T08:45:00,17,2,SYNTHETIC DEMO DATA
2026-08-18T08:50:00,20,2,SYNTHETIC DEMO DATA
2026-08-18T08:55:00,19,3,SYNTHETIC DEMO DATA
2026-08-18T09:00:00,20,2,SYNTHETIC DEMO DATA
2026-08-18T09:05:00,23,2,SYNTHETIC DEMO DATA
2026-08-18T09:10:00,23,1,SYNTHETIC DEMO DATA
2026-08-18T09:15:00,22,3,SYNTHETIC DEMO DATA
2026-08-18T09:20:00,27,4,SYNTHETIC DEMO DATA
2026-08-18T09:25:00,26,2,SYNTHETIC DEMO DATA
2026-08-18T09:30:00,31,4,SYNTHETIC DEMO DATA
2026-08-18T09:35:00,33,2,SYNTHETIC DEMO DATA
2026-08-18T09:40:00,33,4,SYNTHETIC DEMO DATA
2026-08-18T09:45:00,30,3,SYNTHETIC DEMO DATA
2026-08-18T09:50:00,32,3,SYNTHETIC DEMO DATA
2026-08-18T09:55:00,34,2,SYNTHETIC DEMO DATA
2026-08-18T10:00:00,34,2,SYNTHETIC DEMO DATA
2026-08-18T10:05:00,37,4,SYNTHETIC DEMO DATA
2026-08-18T10:10:00,37,3,SYNTHETIC DEMO DATA
2026-08-18T10:15:00,41,4,SYNTHETIC DEMO DATA
2026-08-18T10:20:00,37,5,SYNTHETIC DEMO DATA
2026-08-18T10:25:00,36,4,SYNTHETIC DEMO DATA
2026-08-18T10:30:00,44,4,SYNTHETIC DEMO DATA
2026-08-18T10:35:00,43,5,SYNTHETIC DEMO DATA
2026-08-18T10:40:00,44,6,SYNTHETIC DEMO DATA
2026-08-18T10:45:00,50,5,SYNTHETIC DEMO DATA
2026-08-18T10:50:00,52,3,SYNTHETIC DEMO DATA
2026-08-18T10:55:00,43,5,SYNTHETIC DEMO DATA
2026-08-18T11:00:00,52,5,SYNTHETIC DEMO DATA
2026-08-18T11:05:00,58,8,SYNTHETIC DEMO DATA
2026-08-18T11:10:00,49,6,SYNTHETIC DEMO DATA
2026-08-18T11:15:00,54,3,SYNTHETIC DEMO DATA
2026-08-18T11:20:00,57,7,SYNTHETIC DEMO DATA
2026-08-18T11:25:00,62,5,SYNTHETIC DEMO DATA
2026-08-18T11:30:00,58,6,SYNTHETIC DEMO DATA
2026-08-18T11:35:00,60,5,SYNTHETIC DEMO DATA
2026-08-18T11:40:00,64,9,SYNTHETIC DEMO DATA
2026-08-18T11:45:00,73,4,SYNTHETIC DEMO DATA
2026-08-18T11:50:00,74,10,SYNTHETIC DEMO DATA
2026-08-18T11:55:00,71,8,SYNTHETIC DEMO DATA
2026-08-18T12:00:00,76,11,SYNTHETIC DEMO DATA
2026-08-18T12:05:00,78,11,SYNTHETIC DEMO DATA
2026-08-18T12:10:00,68,6,SYNTHETIC DEMO DATA
2026-08-18T12:15:00,75,4,SYNTHETIC DEMO DATA
2026-08-18T12:20:00,87,10,SYNTHETIC DEMO DATA
2026-08-18T12:25:00,72,6,SYNTHETIC DEMO DATA
2026-08-18T12:30:00,85,11,SYNTHETIC DEMO DATA
2026-08-18T12:35:00,74,5,SYNTHETIC DEMO DATA
2026-08-18T12:40:00,75,9,SYNTHETIC DEMO DATA
2026-08-18T12:45:00,79,8,SYNTHETIC DEMO DATA
2026-08-18T12:50:00,76,6,SYNTHETIC DEMO DATA
2026-08-18T12:55:00,92,5,SYNTHETIC DEMO DATA
2026-08-18T13:00:00,84,10,SYNTHETIC DEMO DATA
2026-08-18T13:05:00,81,11,SYNTHETIC DEMO DATA
2026-08-18T13:10:00,65,6,SYNTHETIC DEMO DATA
2026-08-18T13:15:00,73,9,SYNTHETIC DEMO DATA
2026-08-18T13:20:00,75,9,SYNTHETIC DEMO DATA
2026-08-18T13:25:00,70,10,SYNTHETIC DEMO DATA
2026-08-18T13:30:00,74,7,SYNTHETIC DEMO DATA
2026-08-18T13:35:00,77,7,SYNTHETIC DEMO DATA
2026-08-18T13:40:00,67,10,SYNTHETIC DEMO DATA
2026-08-18T13:45:00,78,10,SYNTHETIC DEMO DATA
2026-08-18T13:50:00,65,9,SYNTHETIC DEMO DATA
2026-08-18T13:55:00,65,8,SYNTHETIC DEMO DATA
2026-08-18T14:00:00,66,4,SYNTHETIC DEMO DATA
2026-08-18T14:05:00,61,6,SYNTHETIC DEMO DATA
2026-08-18T14:10:00,62,5,SYNTHETIC DEMO DATA
2026-08-18T14:15:00,63,3,SYNTHETIC DEMO DATA
2026-08-18T14:20:00,67,7,SYNTHETIC DEMO DATA
2026-08-18T14:25:00,61,8,SYNTHETIC DEMO DATA
2026-08-18T14:30:00,58,7,SYNTHETIC DEMO DATA
2026-08-18T14:35:00,60,5,SYNTHETIC DEMO DATA
2026-08-18T14:40:00,57,4,SYNTHETIC DEMO DATA
2026-08-18T14:45:00,55,6,SYNTHETIC DEMO DATA
2026-08-18T14:50:00,51,6,SYNTHETIC DEMO DATA
2026-08-18T14:55:00,63,9,SYNTHETIC DEMO DATA
2026-08-18T15:00:00,54,5,SYNTHETIC DEMO DATA
2026-08-18T15:05:00,51,5,SYNTHETIC DEMO DATA
2026-08-18T15:10:00,58,8,SYNTHETIC DEMO DATA
2026-08-18T15:15:00,62,8,SYNTHETIC DEMO DATA
2026-08-18T15:20:00,50,6,SYNTHETIC DEMO DATA
2026-08-18T15:25:00,59,3,SYNTHETIC DEMO DATA
2026-08-18T15:30:00,55,5,SYNTHETIC DEMO DATA
2026-08-18T15:35:00,62,7,SYNTHETIC DEMO DATA
2026-08-18T15:40:00,61,8,SYNTHETIC DEMO DATA
2026-08-18T15:45:00,70,5,SYNTHETIC DEMO DATA
2026-08-18T15:50:00,53,4,SYNTHETIC DEMO DATA
2026-08-18T15:55:00,53,4,SYNTHETIC DEMO DATA
2026-08-18T16:00:00,65,9,SYNTHETIC DEMO DATA
2026-08-18T16:05:00,60,5,SYNTHETIC DEMO DATA
2026-08-18T16:10:00,66,8,SYNTHETIC DEMO DATA
2026-08-18T16:15:00,70,10,SYNTHETIC DEMO DATA
2026-08-18T16:20:00,66,9,SYNTHETIC DEMO DATA
2026-08-18T16:25:00,75,8,SYNTHETIC DEMO DATA
2026-08-18T16:30:00,71,5,SYNTHETIC DEMO DATA
2026-08-18T16:35:00,65,7,SYNTHETIC DEMO DATA
2026-08-18T16:40:00,64,6,SYNTHETIC DEMO DATA
2026-08-18T16:45:00,83,4,SYNTHETIC DEMO DATA
2026-08-18T16:50:00,86,13,SYNTHETIC DEMO DATA
2026-08-18T16:55:00,87,9,SYNTHETIC DEMO DATA
2026-08-18T17:00:00,91,10,SYNTHETIC DEMO DATA
2026-08-18T17:05:00,84,10,SYNTHETIC DEMO DATA
2026-08-18T17:10:00,90,10,SYNTHETIC DEMO DATA
2026-08-18T17:15:00,81,6,SYNTHETIC DEMO DATA
2026-08-18T17:20:00,77,11,SYNTHETIC DEMO DATA
2026-08-18T17:25:00,95,8,SYNTHETIC DEMO DATA
2026-08-18T17:30:00,106,8,SYNTHETIC DEMO DATA
2026-08-18T17:35:00,89,10,SYNTHETIC DEMO DATA
2026-08-18T17:40:00,98,9,SYNTHETIC DEMO DATA
2026-08-18T17:45:00,82,10,SYNTHETIC DEMO DATA
2026-08-18T17:50:00,92,10,SYNTHETIC DEMO DATA
2026-08-18T17:55:00,100,6,SYNTHETIC DEMO DATA
2026-08-18T18:00:00,88,10,SYNTHETIC DEMO DATA
2026-08-18T18:05:00,83,7,SYNTHETIC DEMO DATA
2026-08-18T18:10:00,76,4,SYNTHETIC DEMO DATA
2026-08-18T18:15:00,87,10,SYNTHETIC DEMO DATA
2026-08-18T18:20:00,80,9,SYNTHETIC DEMO DATA
2026-08-18T18:25:00,83,6,SYNTHETIC DEMO DATA
2026-08-18T18:30:00,75,9,SYNTHETIC DEMO DATA
2026-08-18T18:35:00,89,7,SYNTHETIC DEMO DATA
2026-08-18T18:40:00,79,8,SYNTHETIC DEMO DATA
2026-08-18T18:45:00,79,4,SYNTHETIC DEMO DATA
2026-08-18T18:50:00,68,4,SYNTHETIC DEMO DATA
2026-08-18T18:55:00,70,4,SYNTHETIC DEMO DATA
2026-08-18T19:00:00,69,10,SYNTHETIC DEMO DATA
2026-08-18T19:05:00,64,7,SYNTHETIC DEMO DATA
2026-08-18T19:10:00,68,8,SYNTHETIC DEMO DATA
2026-08-18T19:15:00,64,6,SYNTHETIC DEMO DATA
2026-08-18T19:20:00,69,4,SYNTHETIC DEMO DATA
2026-08-18T19:25:00,64,5,SYNTHETIC DEMO DATA
2026-08-18T19:30:00,54,3,SYNTHETIC DEMO DATA
2026-08-18T19:35:00,60,8,SYNTHETIC DEMO DATA
2026-08-18T19:40:00,39,2,SYNTHETIC DEMO DATA
2026-08-18T19:45:00,47,6,SYNTHETIC DEMO DATA
2026-08-18T19:50:00,53,4,SYNTHETIC DEMO DATA
2026-08-18T19:55:00,46,4,SYNTHETIC DEMO DATA
2026-08-18T20:00:00,46,4,SYNTHETIC DEMO DATA
2026-08-18T20:05:00,41,2,SYNTHETIC DEMO DATA
2026-08-18T20:10:00,38,3,SYNTHETIC DEMO DATA
2026-08-18T20:15:00,36,5,SYNTHETIC DEMO DATA
2026-08-18T20:20:00,39,3,SYNTHETIC DEMO DATA
2026-08-18T20:25:00,36,4,SYNTHETIC DEMO DATA
2026-08-18T20:30:00,31,4,SYNTHETIC DEMO DATA
2026-08-18T20:35:00,28,3,SYNTHETIC DEMO DATA
2026-08-18T20:40:00,30,3,SYNTHETIC DEMO DATA
2026-08-18T20:45:00,25,3,SYNTHETIC DEMO DATA
2026-08-18T20:50:00,23,2,SYNTHETIC DEMO DATA
2026-08-18T20:55:00,21,3,SYNTHETIC DEMO DATA
2026-08-18T21:00:00,19,2,SYNTHETIC DEMO DATA
2026-08-18T21:05:00,22,2,SYNTHETIC DEMO DATA
2026-08-18T21:10:00,18,2,SYNTHETIC DEMO DATA
2026-08-18T21:15:00,19,2,SYNTHETIC DEMO DATA
2026-08-18T21:20:00,18,2,SYNTHETIC DEMO DATA
2026-08-18T21:25:00,23,3,SYNTHETIC DEMO DATA
2026-08-18T21:30:00,18,3,SYNTHETIC DEMO DATA
2026-08-18T21:35:00,19,2,SYNTHETIC DEMO DATA
2026-08-18T21:40:00,22,3,SYNTHETIC DEMO DATA
2026-08-18T21:45:00,22,1,SYNTHETIC DEMO DATA
2026-08-18T21:50:00,23,3,SYNTHETIC DEMO DATA
2026-08-18T21:55:00,18,2,SYNTHETIC DEMO DATA
2026-08-19T08:00:00,11,1,SYNTHETIC DEMO DATA
2026-08-19T08:05:00,12,1,SYNTHETIC DEMO DATA
2026-08-19T08:10:00,13,1,SYNTHETIC DEMO DATA
2026-08-19T08:15:00,14,2,SYNTHETIC DEMO DATA
2026-08-19T08:20:00,15,2,SYNTHETIC DEMO DATA
2026-08-19T08:25:00,16,2,SYNTHETIC DEMO DATA
2026-08-19T08:30:00,16,1,SYNTHETIC DEMO DATA
2026-08-19T08:35:00,16,1,SYNTHETIC DEMO DATA
2026-08-19T08:40:00,18,2,SYNTHETIC DEMO DATA
2026-08-19T08:45:00,16,1,SYNTHETIC DEMO DATA
2026-08-19T08:50:00,18,1,SYNTHETIC DEMO DATA
2026-08-19T08:55:00,18,2,SYNTHETIC DEMO DATA
2026-08-19T09:00:00,20,3,SYNTHETIC DEMO DATA
2026-08-19T09:05:00,20,1,SYNTHETIC DEMO DATA
2026-08-19T09:10:00,22,2,SYNTHETIC DEMO DATA
2026-08-19T09:15:00,21,3,SYNTHETIC DEMO DATA
2026-08-19T09:20:00,26,4,SYNTHETIC DEMO DATA
2026-08-19T09:25:00,27,4,SYNTHETIC DEMO DATA
2026-08-19T09:30:00,27,2,SYNTHETIC DEMO DATA
2026-08-19T09:35:00,32,2,SYNTHETIC DEMO DATA
2026-08-19T09:40:00,30,3,SYNTHETIC DEMO DATA
2026-08-19T09:45:00,29,4,SYNTHETIC DEMO DATA
2026-08-19T09:50:00,34,2,SYNTHETIC DEMO DATA
2026-08-19T09:55:00,34,4,SYNTHETIC DEMO DATA
2026-08-19T10:00:00,38,3,SYNTHETIC DEMO DATA
2026-08-19T10:05:00,31,4,SYNTHETIC DEMO DATA
2026-08-19T10:10:00,39,3,SYNTHETIC DEMO DATA
2026-08-19T10:15:00,42,4,SYNTHETIC DEMO DATA
2026-08-19T10:20:00,39,5,SYNTHETIC DEMO DATA
2026-08-19T10:25:00,39,4,SYNTHETIC DEMO DATA
2026-08-19T10:30:00,42,6,SYNTHETIC DEMO DATA
2026-08-19T10:35:00,46,3,SYNTHETIC DEMO DATA
2026-08-19T10:40:00,47,2,SYNTHETIC DEMO DATA
2026-08-19T10:45:00,49,5,SYNTHETIC DEMO DATA
2026-08-19T10:50:00,40,5,SYNTHETIC DEMO DATA
2026-08-19T10:55:00,43,3,SYNTHETIC DEMO DATA
2026-08-19T11:00:00,47,7,SYNTHETIC DEMO DATA
2026-08-19T11:05:00,62,5,SYNTHETIC DEMO DATA
2026-08-19T11:10:00,50,3,SYNTHETIC DEMO DATA
2026-08-19T11:15:00,56,4,SYNTHETIC DEMO DATA
2026-08-19T11:20:00,59,7,SYNTHETIC DEMO DATA
2026-08-19T11:25:00,54,8,SYNTHETIC DEMO DATA
2026-08-19T11:30:00,58,4,SYNTHETIC DEMO DATA
2026-08-19T11:35:00,67,5,SYNTHETIC DEMO DATA
2026-08-19T11:40:00,68,4,SYNTHETIC DEMO DATA
2026-08-19T11:45:00,66,3,SYNTHETIC DEMO DATA
2026-08-19T11:50:00,72,9,SYNTHETIC DEMO DATA
2026-08-19T11:55:00,75,5,SYNTHETIC DEMO DATA
2026-08-19T12:00:00,79,5,SYNTHETIC DEMO DATA
2026-08-19T12:05:00,78,9,SYNTHETIC DEMO DATA
2026-08-19T12:10:00,75,8,SYNTHETIC DEMO DATA
2026-08-19T12:15:00,78,11,SYNTHETIC DEMO DATA
2026-08-19T12:20:00,84,9,SYNTHETIC DEMO DATA
2026-08-19T12:25:00,80,5,SYNTHETIC DEMO DATA
2026-08-19T12:30:00,73,10,SYNTHETIC DEMO DATA
2026-08-19T12:35:00,82,5,SYNTHETIC DEMO DATA
2026-08-19T12:40:00,84,10,SYNTHETIC DEMO DATA
2026-08-19T12:45:00,84,11,SYNTHETIC DEMO DATA
2026-08-19T12:50:00,83,10,SYNTHETIC DEMO DATA
2026-08-19T12:55:00,80,6,SYNTHETIC DEMO DATA
2026-08-19T13:00:00,74,10,SYNTHETIC DEMO DATA
2026-08-19T13:05:00,84,6,SYNTHETIC DEMO DATA
2026-08-19T13:10:00,74,9,SYNTHETIC DEMO DATA
2026-08-19T13:15:00,77,11,SYNTHETIC DEMO DATA
2026-08-19T13:20:00,70,10,SYNTHETIC DEMO DATA
2026-08-19T13:25:00,69,10,SYNTHETIC DEMO DATA
2026-08-19T13:30:00,70,4,SYNTHETIC DEMO DATA
2026-08-19T13:35:00,63,6,SYNTHETIC DEMO DATA
2026-08-19T13:40:00,78,9,SYNTHETIC DEMO DATA
2026-08-19T13:45:00,69,10,SYNTHETIC DEMO DATA
2026-08-19T13:50:00,70,7,SYNTHETIC DEMO DATA
2026-08-19T13:55:00,68,9,SYNTHETIC DEMO DATA
2026-08-19T14:00:00,64,9,SYNTHETIC DEMO DATA
2026-08-19T14:05:00,69,4,SYNTHETIC DEMO DATA
2026-08-19T14:10:00,62,3,SYNTHETIC DEMO DATA
2026-08-19T14:15:00,54,7,SYNTHETIC DEMO DATA
2026-08-19T14:20:00,62,5,SYNTHETIC DEMO DATA
2026-08-19T14:25:00,73,6,SYNTHETIC DEMO DATA
2026-08-19T14:30:00,66,5,SYNTHETIC DEMO DATA
2026-08-19T14:35:00,60,6,SYNTHETIC DEMO DATA
2026-08-19T14:40:00,59,8,SYNTHETIC DEMO DATA
2026-08-19T14:45:00,53,5,SYNTHETIC DEMO DATA
2026-08-19T14:50:00,53,5,SYNTHETIC DEMO DATA
2026-08-19T14:55:00,62,8,SYNTHETIC DEMO DATA
2026-08-19T15:00:00,52,7,SYNTHETIC DEMO DATA
2026-08-19T15:05:00,56,7,SYNTHETIC DEMO DATA
2026-08-19T15:10:00,57,8,SYNTHETIC DEMO DATA
2026-08-19T15:15:00,61,7,SYNTHETIC DEMO DATA
2026-08-19T15:20:00,62,4,SYNTHETIC DEMO DATA
2026-08-19T15:25:00,56,6,SYNTHETIC DEMO DATA
2026-08-19T15:30:00,62,8,SYNTHETIC DEMO DATA
2026-08-19T15:35:00,52,4,SYNTHETIC DEMO DATA
2026-08-19T15:40:00,64,9,SYNTHETIC DEMO DATA
2026-08-19T15:45:00,54,8,SYNTHETIC DEMO DATA
2026-08-19T15:50:00,67,7,SYNTHETIC DEMO DATA
2026-08-19T15:55:00,57,5,SYNTHETIC DEMO DATA
2026-08-19T16:00:00,60,5,SYNTHETIC DEMO DATA
2026-08-19T16:05:00,60,6,SYNTHETIC DEMO DATA
2026-08-19T16:10:00,71,6,SYNTHETIC DEMO DATA
2026-08-19T16:15:00,67,9,SYNTHETIC DEMO DATA
2026-08-19T16:20:00,78,7,SYNTHETIC DEMO DATA
2026-08-19T16:25:00,59,7,SYNTHETIC DEMO DATA
2026-08-19T16:30:00,75,9,SYNTHETIC DEMO DATA
2026-08-19T16:35:00,72,5,SYNTHETIC DEMO DATA
2026-08-19T16:40:00,75,5,SYNTHETIC DEMO DATA
2026-08-19T16:45:00,79,9,SYNTHETIC DEMO DATA
2026-08-19T16:50:00,80,4,SYNTHETIC DEMO DATA
2026-08-19T16:55:00,83,8,SYNTHETIC DEMO DATA
2026-08-19T17:00:00,90,5,SYNTHETIC DEMO DATA
2026-08-19T17:05:00,83,8,SYNTHETIC DEMO DATA
2026-08-19T17:10:00,86,6,SYNTHETIC DEMO DATA
2026-08-19T17:15:00,91,5,SYNTHETIC DEMO DATA
2026-08-19T17:20:00,87,9,SYNTHETIC DEMO DATA
2026-08-19T17:25:00,81,8,SYNTHETIC DEMO DATA
2026-08-19T17:30:00,85,10,SYNTHETIC DEMO DATA
2026-08-19T17:35:00,99,10,SYNTHETIC DEMO DATA
2026-08-19T17:40:00,81,6,SYNTHETIC DEMO DATA
2026-08-19T17:45:00,82,7,SYNTHETIC DEMO DATA
2026-08-19T17:50:00,88,9,SYNTHETIC DEMO DATA
2026-08-19T17:55:00,76,5,SYNTHETIC DEMO DATA
2026-08-19T18:00:00,94,10,SYNTHETIC DEMO DATA
2026-08-19T18:05:00,83,10,SYNTHETIC DEMO DATA
2026-08-19T18:10:00,83,7,SYNTHETIC DEMO DATA
2026-08-19T18:15:00,77,6,SYNTHETIC DEMO DATA
2026-08-19T18:20:00,78,6,SYNTHETIC DEMO DATA
2026-08-19T18:25:00,94,12,SYNTHETIC DEMO DATA
2026-08-19T18:30:00,93,12,SYNTHETIC DEMO DATA
2026-08-19T18:35:00,69,10,SYNTHETIC DEMO DATA
2026-08-19T18:40:00,83,6,SYNTHETIC DEMO DATA
2026-08-19T18:45:00,71,9,SYNTHETIC DEMO DATA
2026-08-19T18:50:00,67,9,SYNTHETIC DEMO DATA
2026-08-19T18:55:00,75,8,SYNTHETIC DEMO DATA
2026-08-19T19:00:00,64,7,SYNTHETIC DEMO DATA
2026-08-19T19:05:00,68,8,SYNTHETIC DEMO DATA
2026-08-19T19:10:00,68,4,SYNTHETIC DEMO DATA
2026-08-19T19:15:00,67,5,SYNTHETIC DEMO DATA
2026-08-19T19:20:00,62,5,SYNTHETIC DEMO DATA
2026-08-19T19:25:00,63,5,SYNTHETIC DEMO DATA
2026-08-19T19:30:00,50,5,SYNTHETIC DEMO DATA
2026-08-19T19:35:00,59,7,SYNTHETIC DEMO DATA
2026-08-19T19:40:00,56,5,SYNTHETIC DEMO DATA
2026-08-19T19:45:00,50,5,SYNTHETIC DEMO DATA
2026-08-19T19:50:00,50,4,SYNTHETIC DEMO DATA
2026-08-19T19:55:00,48,5,SYNTHETIC DEMO DATA
2026-08-19T20:00:00,44,4,SYNTHETIC DEMO DATA
2026-08-19T20:05:00,45,4,SYNTHETIC DEMO DATA
2026-08-19T20:10:00,43,3,SYNTHETIC DEMO DATA
2026-08-19T20:15:00,41,4,SYNTHETIC DEMO DATA
2026-08-19T20:20:00,41,3,SYNTHETIC DEMO DATA
2026-08-19T20:25:00,38,2,SYNTHETIC DEMO DATA
2026-08-19T20:30:00,29,3,SYNTHETIC DEMO DATA
2026-08-19T20:35:00,32,4,SYNTHETIC DEMO DATA
2026-08-19T20:40:00,27,2,SYNTHETIC DEMO DATA
2026-08-19T20:45:00,22,2,SYNTHETIC DEMO DATA
2026-08-19T20:50:00,25,4,SYNTHETIC DEMO DATA
2026-08-19T20:55:00,23,3,SYNTHETIC DEMO DATA
2026-08-19T21:00:00,20,2,SYNTHETIC DEMO DATA
2026-08-19T21:05:00,20,1,SYNTHETIC DEMO DATA
2026-08-19T21:10:00,20,2,SYNTHETIC DEMO DATA
2026-08-19T21:15:00,20,2,SYNTHETIC DEMO DATA
2026-08-19T21:20:00,19,2,SYNTHETIC DEMO DATA
2026-08-19T21:25:00,19,1,SYNTHETIC DEMO DATA
2026-08-19T21:30:00,20,1,SYNTHETIC DEMO DATA
2026-08-19T21:35:00,18,2,SYNTHETIC DEMO DATA
2026-08-19T21:40:00,20,3,SYNTHETIC DEMO DATA
2026-08-19T21:45:00,23,3,SYNTHETIC DEMO DATA
2026-08-19T21:50:00,20,3,SYNTHETIC DEMO DATA
2026-08-19T21:55:00,22,3,SYNTHETIC DEMO DATA
2026-08-20T08:00:00,13,2,SYNTHETIC DEMO DATA
2026-08-20T08:05:00,15,2,SYNTHETIC DEMO DATA
2026-08-20T08:10:00,12,2,SYNTHETIC DEMO DATA
2026-08-20T08:15:00,17,1,SYNTHETIC DEMO DATA
2026-08-20T08:20:00,14,1,SYNTHETIC DEMO DATA
2026-08-20T08:25:00,16,2,SYNTHETIC DEMO DATA
2026-08-20T08:30:00,16,2,SYNTHETIC DEMO DATA
2026-08-20T08:35:00,16,2,SYNTHETIC DEMO DATA
2026-08-20T08:40:00,18,1,SYNTHETIC DEMO DATA
2026-08-20T08:45:00,19,1,SYNTHETIC DEMO DATA
2026-08-20T08:50:00,16,2,SYNTHETIC DEMO DATA
2026-08-20T08:55:00,19,1,SYNTHETIC DEMO DATA
2026-08-20T09:00:00,21,3,SYNTHETIC DEMO DATA
2026-08-20T09:05:00,22,3,SYNTHETIC DEMO DATA
2026-08-20T09:10:00,19,1,SYNTHETIC DEMO DATA
2026-08-20T09:15:00,25,3,SYNTHETIC DEMO DATA
2026-08-20T09:20:00,25,3,SYNTHETIC DEMO DATA
2026-08-20T09:25:00,28,2,SYNTHETIC DEMO DATA
2026-08-20T09:30:00,24,3,SYNTHETIC DEMO DATA
2026-08-20T09:35:00,27,1,SYNTHETIC DEMO DATA
2026-08-20T09:40:00,30,2,SYNTHETIC DEMO DATA
2026-08-20T09:45:00,30,4,SYNTHETIC DEMO DATA
2026-08-20T09:50:00,30,4,SYNTHETIC DEMO DATA
2026-08-20T09:55:00,33,3,SYNTHETIC DEMO DATA
2026-08-20T10:00:00,34,3,SYNTHETIC DEMO DATA
2026-08-20T10:05:00,36,4,SYNTHETIC DEMO DATA
2026-08-20T10:10:00,37,5,SYNTHETIC DEMO DATA
2026-08-20T10:15:00,45,2,SYNTHETIC DEMO DATA
2026-08-20T10:20:00,39,3,SYNTHETIC DEMO DATA
2026-08-20T10:25:00,45,3,SYNTHETIC DEMO DATA
2026-08-20T10:30:00,48,6,SYNTHETIC DEMO DATA
2026-08-20T10:35:00,37,2,SYNTHETIC DEMO DATA
2026-08-20T10:40:00,44,4,SYNTHETIC DEMO DATA
2026-08-20T10:45:00,44,5,SYNTHETIC DEMO DATA
2026-08-20T10:50:00,46,6,SYNTHETIC DEMO DATA
2026-08-20T10:55:00,44,3,SYNTHETIC DEMO DATA
2026-08-20T11:00:00,52,4,SYNTHETIC DEMO DATA
2026-08-20T11:05:00,47,4,SYNTHETIC DEMO DATA
2026-08-20T11:10:00,54,4,SYNTHETIC DEMO DATA
2026-08-20T11:15:00,51,3,SYNTHETIC DEMO DATA
2026-08-20T11:20:00,65,8,SYNTHETIC DEMO DATA
2026-08-20T11:25:00,64,9,SYNTHETIC DEMO DATA
2026-08-20T11:30:00,61,6,SYNTHETIC DEMO DATA
2026-08-20T11:35:00,60,6,SYNTHETIC DEMO DATA
2026-08-20T11:40:00,67,3,SYNTHETIC DEMO DATA
2026-08-20T11:45:00,69,6,SYNTHETIC DEMO DATA
2026-08-20T11:50:00,82,11,SYNTHETIC DEMO DATA
2026-08-20T11:55:00,68,8,SYNTHETIC DEMO DATA
2026-08-20T12:00:00,92,6,SYNTHETIC DEMO DATA
2026-08-20T12:05:00,83,7,SYNTHETIC DEMO DATA
2026-08-20T12:10:00,67,8,SYNTHETIC DEMO DATA
2026-08-20T12:15:00,71,6,SYNTHETIC DEMO DATA
2026-08-20T12:20:00,79,5,SYNTHETIC DEMO DATA
2026-08-20T12:25:00,82,7,SYNTHETIC DEMO DATA
2026-08-20T12:30:00,79,5,SYNTHETIC DEMO DATA
2026-08-20T12:35:00,82,6,SYNTHETIC DEMO DATA
2026-08-20T12:40:00,77,9,SYNTHETIC DEMO DATA
2026-08-20T12:45:00,70,8,SYNTHETIC DEMO DATA
2026-08-20T12:50:00,78,5,SYNTHETIC DEMO DATA
2026-08-20T12:55:00,78,4,SYNTHETIC DEMO DATA
2026-08-20T13:00:00,65,4,SYNTHETIC DEMO DATA
2026-08-20T13:05:00,73,9,SYNTHETIC DEMO DATA
2026-08-20T13:10:00,76,7,SYNTHETIC DEMO DATA
2026-08-20T13:15:00,85,12,SYNTHETIC DEMO DATA
2026-08-20T13:20:00,75,10,SYNTHETIC DEMO DATA
2026-08-20T13:25:00,69,9,SYNTHETIC DEMO DATA
2026-08-20T13:30:00,75,6,SYNTHETIC DEMO DATA
2026-08-20T13:35:00,58,5,SYNTHETIC DEMO DATA
2026-08-20T13:40:00,67,5,SYNTHETIC DEMO DATA
2026-08-20T13:45:00,59,7,SYNTHETIC DEMO DATA
2026-08-20T13:50:00,60,4,SYNTHETIC DEMO DATA
2026-08-20T13:55:00,58,7,SYNTHETIC DEMO DATA
2026-08-20T14:00:00,66,9,SYNTHETIC DEMO DATA
2026-08-20T14:05:00,55,8,SYNTHETIC DEMO DATA
2026-08-20T14:10:00,64,4,SYNTHETIC DEMO DATA
2026-08-20T14:15:00,66,7,SYNTHETIC DEMO DATA
2026-08-20T14:20:00,57,5,SYNTHETIC DEMO DATA
2026-08-20T14:25:00,62,6,SYNTHETIC DEMO DATA
2026-08-20T14:30:00,62,4,SYNTHETIC DEMO DATA
2026-08-20T14:35:00,59,8,SYNTHETIC DEMO DATA
2026-08-20T14:40:00,55,4,SYNTHETIC DEMO DATA
2026-08-20T14:45:00,60,6,SYNTHETIC DEMO DATA
2026-08-20T14:50:00,56,3,SYNTHETIC DEMO DATA
2026-08-20T14:55:00,54,5,SYNTHETIC DEMO DATA
2026-08-20T15:00:00,60,9,SYNTHETIC DEMO DATA
2026-08-20T15:05:00,61,8,SYNTHETIC DEMO DATA
2026-08-20T15:10:00,63,9,SYNTHETIC DEMO DATA
2026-08-20T15:15:00,48,6,SYNTHETIC DEMO DATA
2026-08-20T15:20:00,51,3,SYNTHETIC DEMO DATA
2026-08-20T15:25:00,56,7,SYNTHETIC DEMO DATA
2026-08-20T15:30:00,65,4,SYNTHETIC DEMO DATA
2026-08-20T15:35:00,58,9,SYNTHETIC DEMO DATA
2026-08-20T15:40:00,61,5,SYNTHETIC DEMO DATA
2026-08-20T15:45:00,61,5,SYNTHETIC DEMO DATA
2026-08-20T15:50:00,59,4,SYNTHETIC DEMO DATA
2026-08-20T15:55:00,58,6,SYNTHETIC DEMO DATA
2026-08-20T16:00:00,58,6,SYNTHETIC DEMO DATA
2026-08-20T16:05:00,62,5,SYNTHETIC DEMO DATA
2026-08-20T16:10:00,61,5,SYNTHETIC DEMO DATA
2026-08-20T16:15:00,74,10,SYNTHETIC DEMO DATA
2026-08-20T16:20:00,70,9,SYNTHETIC DEMO DATA
2026-08-20T16:25:00,79,8,SYNTHETIC DEMO DATA
2026-08-20T16:30:00,64,5,SYNTHETIC DEMO DATA
2026-08-20T16:35:00,72,9,SYNTHETIC DEMO DATA
2026-08-20T16:40:00,78,9,SYNTHETIC DEMO DATA
2026-08-20T16:45:00,109,16,SYNTHETIC DEMO DATA
2026-08-20T16:50:00,69,8,SYNTHETIC DEMO DATA
2026-08-20T16:55:00,78,7,SYNTHETIC DEMO DATA
2026-08-20T17:00:00,93,13,SYNTHETIC DEMO DATA
2026-08-20T17:05:00,88,10,SYNTHETIC DEMO DATA
2026-08-20T17:10:00,84,12,SYNTHETIC DEMO DATA
2026-08-20T17:15:00,90,6,SYNTHETIC DEMO DATA
2026-08-20T17:20:00,87,9,SYNTHETIC DEMO DATA
2026-08-20T17:25:00,76,4,SYNTHETIC DEMO DATA
2026-08-20T17:30:00,99,9,SYNTHETIC DEMO DATA
2026-08-20T17:35:00,86,9,SYNTHETIC DEMO DATA
2026-08-20T17:40:00,80,9,SYNTHETIC DEMO DATA
2026-08-20T17:45:00,84,8,SYNTHETIC DEMO DATA
2026-08-20T17:50:00,98,8,SYNTHETIC DEMO DATA
2026-08-20T17:55:00,91,11,SYNTHETIC DEMO DATA
2026-08-20T18:00:00,97,13,SYNTHETIC DEMO DATA
2026-08-20T18:05:00,110,13,SYNTHETIC DEMO DATA
2026-08-20T18:10:00,85,7,SYNTHETIC DEMO DATA
2026-08-20T18:15:00,87,11,SYNTHETIC DEMO DATA
2026-08-20T18:20:00,82,5,SYNTHETIC DEMO DATA
2026-08-20T18:25:00,79,10,SYNTHETIC DEMO DATA
2026-08-20T18:30:00,82,12,SYNTHETIC DEMO DATA
2026-08-20T18:35:00,75,7,SYNTHETIC DEMO DATA
2026-08-20T18:40:00,82,11,SYNTHETIC DEMO DATA
2026-08-20T18:45:00,66,3,SYNTHETIC DEMO DATA
2026-08-20T18:50:00,78,8,SYNTHETIC DEMO DATA
2026-08-20T18:55:00,73,4,SYNTHETIC DEMO DATA
2026-08-20T19:00:00,64,6,SYNTHETIC DEMO DATA
2026-08-20T19:05:00,61,7,SYNTHETIC DEMO DATA
2026-08-20T19:10:00,67,10,SYNTHETIC DEMO DATA
2026-08-20T19:15:00,55,4,SYNTHETIC DEMO DATA
2026-08-20T19:20:00,70,9,SYNTHETIC DEMO DATA
2026-08-20T19:25:00,62,7,SYNTHETIC DEMO DATA
2026-08-20T19:30:00,49,5,SYNTHETIC DEMO DATA
2026-08-20T19:35:00,51,4,SYNTHETIC DEMO DATA
2026-08-20T19:40:00,53,6,SYNTHETIC DEMO DATA
2026-08-20T19:45:00,54,5,SYNTHETIC DEMO DATA
2026-08-20T19:50:00,48,7,SYNTHETIC DEMO DATA
2026-08-20T19:55:00,42,6,SYNTHETIC DEMO DATA
2026-08-20T20:00:00,47,3,SYNTHETIC DEMO DATA
2026-08-20T20:05:00,46,4,SYNTHETIC DEMO DATA
2026-08-20T20:10:00,39,5,SYNTHETIC DEMO DATA
2026-08-20T20:15:00,45,4,SYNTHETIC DEMO DATA
2026-08-20T20:20:00,34,3,SYNTHETIC DEMO DATA
2026-08-20T20:25:00,36,4,SYNTHETIC DEMO DATA
2026-08-20T20:30:00,35,2,SYNTHETIC DEMO DATA
2026-08-20T20:35:00,32,2,SYNTHETIC DEMO DATA
2026-08-20T20:40:00,30,3,SYNTHETIC DEMO DATA
2026-08-20T20:45:00,26,2,SYNTHETIC DEMO DATA
2026-08-20T20:50:00,26,2,SYNTHETIC DEMO DATA
2026-08-20T20:55:00,20,2,SYNTHETIC DEMO DATA
2026-08-20T21:00:00,21,1,SYNTHETIC DEMO DATA
2026-08-20T21:05:00,21,3,SYNTHETIC DEMO DATA
2026-08-20T21:10:00,16,1,SYNTHETIC DEMO DATA
2026-08-20T21:15:00,23,2,SYNTHETIC DEMO DATA
2026-08-20T21:20:00,21,3,SYNTHETIC DEMO DATA
2026-08-20T21:25:00,19,1,SYNTHETIC DEMO DATA
2026-08-20T21:30:00,22,3,SYNTHETIC DEMO DATA
2026-08-20T21:35:00,23,2,SYNTHETIC DEMO DATA
2026-08-20T21:40:00,24,3,SYNTHETIC DEMO DATA
2026-08-20T21:45:00,20,3,SYNTHETIC DEMO DATA
2026-08-20T21:50:00,17,1,SYNTHETIC DEMO DATA
2026-08-20T21:55:00,21,3,SYNTHETIC DEMO DATA
2026-08-21T08:00:00,12,1,SYNTHETIC DEMO DATA
2026-08-21T08:05:00,12,1,SYNTHETIC DEMO DATA
2026-08-21T08:10:00,14,1,SYNTHETIC DEMO DATA
2026-08-21T08:15:00,15,2,SYNTHETIC DEMO DATA
2026-08-21T08:20:00,14,2,SYNTHETIC DEMO DATA
2026-08-21T08:25:00,16,1,SYNTHETIC DEMO DATA
2026-08-21T08:30:00,16,2,SYNTHETIC DEMO DATA
2026-08-21T08:35:00,15,1,SYNTHETIC DEMO DATA
2026-08-21T08:40:00,18,2,SYNTHETIC DEMO DATA
2026-08-21T08:45:00,15,1,SYNTHETIC DEMO DATA
2026-08-21T08:50:00,20,3,SYNTHETIC DEMO DATA
2026-08-21T08:55:00,19,1,SYNTHETIC DEMO DATA
2026-08-21T09:00:00,19,3,SYNTHETIC DEMO DATA
2026-08-21T09:05:00,21,1,SYNTHETIC DEMO DATA
2026-08-21T09:10:00,21,2,SYNTHETIC DEMO DATA
2026-08-21T09:15:00,23,3,SYNTHETIC DEMO DATA
2026-08-21T09:20:00,25,2,SYNTHETIC DEMO DATA
2026-08-21T09:25:00,25,3,SYNTHETIC DEMO DATA
2026-08-21T09:30:00,28,3,SYNTHETIC DEMO DATA
2026-08-21T09:35:00,27,2,SYNTHETIC DEMO DATA
2026-08-21T09:40:00,30,2,SYNTHETIC DEMO DATA
2026-08-21T09:45:00,30,4,SYNTHETIC DEMO DATA
2026-08-21T09:50:00,32,4,SYNTHETIC DEMO DATA
2026-08-21T09:55:00,29,4,SYNTHETIC DEMO DATA
2026-08-21T10:00:00,38,4,SYNTHETIC DEMO DATA
2026-08-21T10:05:00,37,2,SYNTHETIC DEMO DATA
2026-08-21T10:10:00,39,2,SYNTHETIC DEMO DATA
2026-08-21T10:15:00,46,6,SYNTHETIC DEMO DATA
2026-08-21T10:20:00,42,3,SYNTHETIC DEMO DATA
2026-08-21T10:25:00,41,5,SYNTHETIC DEMO DATA
2026-08-21T10:30:00,41,4,SYNTHETIC DEMO DATA
2026-08-21T10:35:00,39,5,SYNTHETIC DEMO DATA
2026-08-21T10:40:00,46,4,SYNTHETIC DEMO DATA
2026-08-21T10:45:00,49,6,SYNTHETIC DEMO DATA
2026-08-21T10:50:00,51,5,SYNTHETIC DEMO DATA
2026-08-21T10:55:00,51,5,SYNTHETIC DEMO DATA
2026-08-21T11:00:00,53,4,SYNTHETIC DEMO DATA
2026-08-21T11:05:00,51,3,SYNTHETIC DEMO DATA
2026-08-21T11:10:00,47,5,SYNTHETIC DEMO DATA
2026-08-21T11:15:00,55,7,SYNTHETIC DEMO DATA
2026-08-21T11:20:00,57,8,SYNTHETIC DEMO DATA
2026-08-21T11:25:00,58,6,SYNTHETIC DEMO DATA
2026-08-21T11:30:00,62,9,SYNTHETIC DEMO DATA
2026-08-21T11:35:00,65,7,SYNTHETIC DEMO DATA
2026-08-21T11:40:00,64,5,SYNTHETIC DEMO DATA
2026-08-21T11:45:00,79,6,SYNTHETIC DEMO DATA
2026-08-21T11:50:00,72,6,SYNTHETIC DEMO DATA
2026-08-21T11:55:00,70,8,SYNTHETIC DEMO DATA
2026-08-21T12:00:00,71,8,SYNTHETIC DEMO DATA
2026-08-21T12:05:00,74,5,SYNTHETIC DEMO DATA
2026-08-21T12:10:00,75,9,SYNTHETIC DEMO DATA
2026-08-21T12:15:00,81,9,SYNTHETIC DEMO DATA
2026-08-21T12:20:00,68,10,SYNTHETIC DEMO DATA
2026-08-21T12:25:00,80,9,SYNTHETIC DEMO DATA
2026-08-21T12:30:00,72,5,SYNTHETIC DEMO DATA
2026-08-21T12:35:00,77,9,SYNTHETIC DEMO DATA
2026-08-21T12:40:00,91,6,SYNTHETIC DEMO DATA
2026-08-21T12:45:00,93,12,SYNTHETIC DEMO DATA
2026-08-21T12:50:00,88,10,SYNTHETIC DEMO DATA
2026-08-21T12:55:00,82,9,SYNTHETIC DEMO DATA
2026-08-21T13:00:00,88,9,SYNTHETIC DEMO DATA
2026-08-21T13:05:00,74,5,SYNTHETIC DEMO DATA
2026-08-21T13:10:00,80,4,SYNTHETIC DEMO DATA
2026-08-21T13:15:00,85,6,SYNTHETIC DEMO DATA
2026-08-21T13:20:00,70,8,SYNTHETIC DEMO DATA
2026-08-21T13:25:00,71,8,SYNTHETIC DEMO DATA
2026-08-21T13:30:00,83,11,SYNTHETIC DEMO DATA
2026-08-21T13:35:00,69,8,SYNTHETIC DEMO DATA
2026-08-21T13:40:00,70,4,SYNTHETIC DEMO DATA
2026-08-21T13:45:00,66,6,SYNTHETIC DEMO DATA
2026-08-21T13:50:00,74,8,SYNTHETIC DEMO DATA
2026-08-21T13:55:00,60,7,SYNTHETIC DEMO DATA
2026-08-21T14:00:00,66,6,SYNTHETIC DEMO DATA
2026-08-21T14:05:00,59,9,SYNTHETIC DEMO DATA
2026-08-21T14:10:00,58,8,SYNTHETIC DEMO DATA
2026-08-21T14:15:00,63,8,SYNTHETIC DEMO DATA
2026-08-21T14:20:00,56,4,SYNTHETIC DEMO DATA
2026-08-21T14:25:00,58,6,SYNTHETIC DEMO DATA
2026-08-21T14:30:00,56,8,SYNTHETIC DEMO DATA
2026-08-21T14:35:00,64,3,SYNTHETIC DEMO DATA
2026-08-21T14:40:00,55,4,SYNTHETIC DEMO DATA
2026-08-21T14:45:00,57,6,SYNTHETIC DEMO DATA
2026-08-21T14:50:00,58,5,SYNTHETIC DEMO DATA
2026-08-21T14:55:00,58,7,SYNTHETIC DEMO DATA
2026-08-21T15:00:00,55,4,SYNTHETIC DEMO DATA
2026-08-21T15:05:00,62,7,SYNTHETIC DEMO DATA
2026-08-21T15:10:00,59,7,SYNTHETIC DEMO DATA
2026-08-21T15:15:00,56,6,SYNTHETIC DEMO DATA
2026-08-21T15:20:00,60,4,SYNTHETIC DEMO DATA
2026-08-21T15:25:00,55,6,SYNTHETIC DEMO DATA
2026-08-21T15:30:00,54,5,SYNTHETIC DEMO DATA
2026-08-21T15:35:00,65,6,SYNTHETIC DEMO DATA
2026-08-21T15:40:00,56,3,SYNTHETIC DEMO DATA
2026-08-21T15:45:00,55,3,SYNTHETIC DEMO DATA
2026-08-21T15:50:00,58,4,SYNTHETIC DEMO DATA
2026-08-21T15:55:00,60,8,SYNTHETIC DEMO DATA
2026-08-21T16:00:00,63,8,SYNTHETIC DEMO DATA
2026-08-21T16:05:00,62,6,SYNTHETIC DEMO DATA
2026-08-21T16:10:00,66,5,SYNTHETIC DEMO DATA
2026-08-21T16:15:00,74,9,SYNTHETIC DEMO DATA
2026-08-21T16:20:00,73,8,SYNTHETIC DEMO DATA
2026-08-21T16:25:00,78,7,SYNTHETIC DEMO DATA
2026-08-21T16:30:00,70,5,SYNTHETIC DEMO DATA
2026-08-21T16:35:00,64,8,SYNTHETIC DEMO DATA
2026-08-21T16:40:00,75,6,SYNTHETIC DEMO DATA
2026-08-21T16:45:00,86,6,SYNTHETIC DEMO DATA
2026-08-21T16:50:00,88,8,SYNTHETIC DEMO DATA
2026-08-21T16:55:00,82,11,SYNTHETIC DEMO DATA
2026-08-21T17:00:00,83,4,SYNTHETIC DEMO DATA
2026-08-21T17:05:00,85,9,SYNTHETIC DEMO DATA
2026-08-21T17:10:00,76,9,SYNTHETIC DEMO DATA
2026-08-21T17:15:00,91,11,SYNTHETIC DEMO DATA
2026-08-21T17:20:00,90,6,SYNTHETIC DEMO DATA
2026-08-21T17:25:00,100,8,SYNTHETIC DEMO DATA
2026-08-21T17:30:00,94,12,SYNTHETIC DEMO DATA
2026-08-21T17:35:00,84,12,SYNTHETIC DEMO DATA
2026-08-21T17:40:00,85,8,SYNTHETIC DEMO DATA
2026-08-21T17:45:00,85,7,SYNTHETIC DEMO DATA
2026-08-21T17:50:00,78,5,SYNTHETIC DEMO DATA
2026-08-21T17:55:00,102,15,SYNTHETIC DEMO DATA
2026-08-21T18:00:00,94,10,SYNTHETIC DEMO DATA
2026-08-21T18:05:00,76,4,SYNTHETIC DEMO DATA
2026-08-21T18:10:00,88,8,SYNTHETIC DEMO DATA
2026-08-21T18:15:00,88,12,SYNTHETIC DEMO DATA
2026-08-21T18:20:00,85,7,SYNTHETIC DEMO DATA
2026-08-21T18:25:00,72,10,SYNTHETIC DEMO DATA
2026-08-21T18:30:00,84,11,SYNTHETIC DEMO DATA
2026-08-21T18:35:00,82,11,SYNTHETIC DEMO DATA
2026-08-21T18:40:00,75,11,SYNTHETIC DEMO DATA
2026-08-21T18:45:00,69,9,SYNTHETIC DEMO DATA
2026-08-21T18:50:00,73,5,SYNTHETIC DEMO DATA
2026-08-21T18:55:00,78,11,SYNTHETIC DEMO DATA
2026-08-21T19:00:00,71,7,SYNTHETIC DEMO DATA
2026-08-21T19:05:00,74,4,SYNTHETIC DEMO DATA
2026-08-21T19:10:00,67,8,SYNTHETIC DEMO DATA
2026-08-21T19:15:00,53,3,SYNTHETIC DEMO DATA
2026-08-21T19:20:00,63,5,SYNTHETIC DEMO DATA
2026-08-21T19:25:00,59,6,SYNTHETIC DEMO DATA
2026-08-21T19:30:00,59,4,SYNTHETIC DEMO DATA
2026-08-21T19:35:00,54,6,SYNTHETIC DEMO DATA
2026-08-21T19:40:00,59,6,SYNTHETIC DEMO DATA
2026-08-21T19:45:00,47,5,SYNTHETIC DEMO DATA
2026-08-21T19:50:00,53,4,SYNTHETIC DEMO DATA
2026-08-21T19:55:00,45,4,SYNTHETIC DEMO DATA
2026-08-21T20:00:00,45,2,SYNTHETIC DEMO DATA
2026-08-21T20:05:00,46,6,SYNTHETIC DEMO DATA
2026-08-21T20:10:00,36,4,SYNTHETIC DEMO DATA
2026-08-21T20:15:00,39,3,SYNTHETIC DEMO DATA
2026-08-21T20:20:00,37,3,SYNTHETIC DEMO DATA
2026-08-21T20:25:00,34,3,SYNTHETIC DEMO DATA
2026-08-21T20:30:00,29,3,SYNTHETIC DEMO DATA
2026-08-21T20:35:00,29,2,SYNTHETIC DEMO DATA
2026-08-21T20:40:00,30,2,SYNTHETIC DEMO DATA
2026-08-21T20:45:00,21,3,SYNTHETIC DEMO DATA
2026-08-21T20:50:00,23,2,SYNTHETIC DEMO DATA
2026-08-21T20:55:00,26,3,SYNTHETIC DEMO DATA
2026-08-21T21:00:00,19,1,SYNTHETIC DEMO DATA
2026-08-21T21:05:00,19,3,SYNTHETIC DEMO DATA
2026-08-21T21:10:00,19,3,SYNTHETIC DEMO DATA
2026-08-21T21:15:00,19,2,SYNTHETIC DEMO DATA
2026-08-21T21:20:00,22,1,SYNTHETIC DEMO DATA
2026-08-21T21:25:00,21,2,SYNTHETIC DEMO DATA
2026-08-21T21:30:00,19,2,SYNTHETIC DEMO DATA
2026-08-21T21:35:00,22,1,SYNTHETIC DEMO DATA
2026-08-21T21:40:00,19,1,SYNTHETIC DEMO DATA
2026-08-21T21:45:00,23,2,SYNTHETIC DEMO DATA
2026-08-21T21:50:00,18,2,SYNTHETIC DEMO DATA
2026-08-21T21:55:00,21,2,SYNTHETIC DEMO DATA
2026-08-22T08:00:00,14,1,SYNTHETIC DEMO DATA
2026-08-22T08:05:00,14,1,SYNTHETIC DEMO DATA
2026-08-22T08:10:00,18,3,SYNTHETIC DEMO DATA
2026-08-22T08:15:00,18,1,SYNTHETIC DEMO DATA
2026-08-22T08:20:00,16,2,SYNTHETIC DEMO DATA
2026-08-22T08:25:00,18,3,SYNTHETIC DEMO DATA
2026-08-22T08:30:00,18,2,SYNTHETIC DEMO DATA
2026-08-22T08:35:00,20,3,SYNTHETIC DEMO DATA
2026-08-22T08:40:00,24,3,SYNTHETIC DEMO DATA
2026-08-22T08:45:00,23,1,SYNTHETIC DEMO DATA
2026-08-22T08:50:00,24,2,SYNTHETIC DEMO DATA
2026-08-22T08:55:00,23,2,SYNTHETIC DEMO DATA
2026-08-22T09:00:00,25,3,SYNTHETIC DEMO DATA
2026-08-22T09:05:00,28,3,SYNTHETIC DEMO DATA
2026-08-22T09:10:00,28,4,SYNTHETIC DEMO DATA
2026-08-22T09:15:00,30,3,SYNTHETIC DEMO DATA
2026-08-22T09:20:00,31,4,SYNTHETIC DEMO DATA
2026-08-22T09:25:00,33,2,SYNTHETIC DEMO DATA
2026-08-22T09:30:00,32,2,SYNTHETIC DEMO DATA
2026-08-22T09:35:00,41,4,SYNTHETIC DEMO DATA
2026-08-22T09:40:00,42,2,SYNTHETIC DEMO DATA
2026-08-22T09:45:00,43,3,SYNTHETIC DEMO DATA
2026-08-22T09:50:00,40,4,SYNTHETIC DEMO DATA
2026-08-22T09:55:00,45,7,SYNTHETIC DEMO DATA
2026-08-22T10:00:00,47,3,SYNTHETIC DEMO DATA
2026-08-22T10:05:00,47,6,SYNTHETIC DEMO DATA
2026-08-22T10:10:00,46,4,SYNTHETIC DEMO DATA
2026-08-22T10:15:00,47,5,SYNTHETIC DEMO DATA
2026-08-22T10:20:00,48,4,SYNTHETIC DEMO DATA
2026-08-22T10:25:00,50,6,SYNTHETIC DEMO DATA
2026-08-22T10:30:00,47,4,SYNTHETIC DEMO DATA
2026-08-22T10:35:00,61,7,SYNTHETIC DEMO DATA
2026-08-22T10:40:00,53,6,SYNTHETIC DEMO DATA
2026-08-22T10:45:00,51,7,SYNTHETIC DEMO DATA
2026-08-22T10:50:00,54,3,SYNTHETIC DEMO DATA
2026-08-22T10:55:00,58,5,SYNTHETIC DEMO DATA
2026-08-22T11:00:00,61,3,SYNTHETIC DEMO DATA
2026-08-22T11:05:00,63,3,SYNTHETIC DEMO DATA
2026-08-22T11:10:00,63,7,SYNTHETIC DEMO DATA
2026-08-22T11:15:00,83,6,SYNTHETIC DEMO DATA
2026-08-22T11:20:00,79,12,SYNTHETIC DEMO DATA
2026-08-22T11:25:00,85,9,SYNTHETIC DEMO DATA
2026-08-22T11:30:00,76,11,SYNTHETIC DEMO DATA
2026-08-22T11:35:00,70,6,SYNTHETIC DEMO DATA
2026-08-22T11:40:00,69,4,SYNTHETIC DEMO DATA
2026-08-22T11:45:00,87,8,SYNTHETIC DEMO DATA
2026-08-22T11:50:00,94,7,SYNTHETIC DEMO DATA
2026-08-22T11:55:00,99,6,SYNTHETIC DEMO DATA
2026-08-22T12:00:00,94,8,SYNTHETIC DEMO DATA
2026-08-22T12:05:00,88,13,SYNTHETIC DEMO DATA
2026-08-22T12:10:00,110,15,SYNTHETIC DEMO DATA
2026-08-22T12:15:00,99,13,SYNTHETIC DEMO DATA
2026-08-22T12:20:00,98,15,SYNTHETIC DEMO DATA
2026-08-22T12:25:00,97,7,SYNTHETIC DEMO DATA
2026-08-22T12:30:00,99,14,SYNTHETIC DEMO DATA
2026-08-22T12:35:00,95,9,SYNTHETIC DEMO DATA
2026-08-22T12:40:00,91,6,SYNTHETIC DEMO DATA
2026-08-22T12:45:00,97,9,SYNTHETIC DEMO DATA
2026-08-22T12:50:00,91,6,SYNTHETIC DEMO DATA
2026-08-22T12:55:00,97,12,SYNTHETIC DEMO DATA
2026-08-22T13:00:00,118,17,SYNTHETIC DEMO DATA
2026-08-22T13:05:00,85,11,SYNTHETIC DEMO DATA
2026-08-22T13:10:00,96,11,SYNTHETIC DEMO DATA
2026-08-22T13:15:00,83,12,SYNTHETIC DEMO DATA
2026-08-22T13:20:00,104,14,SYNTHETIC DEMO DATA
2026-08-22T13:25:00,92,13,SYNTHETIC DEMO DATA
2026-08-22T13:30:00,83,5,SYNTHETIC DEMO DATA
2026-08-22T13:35:00,93,6,SYNTHETIC DEMO DATA
2026-08-22T13:40:00,85,10,SYNTHETIC DEMO DATA
2026-08-22T13:45:00,85,9,SYNTHETIC DEMO DATA
2026-08-22T13:50:00,92,6,SYNTHETIC DEMO DATA
2026-08-22T13:55:00,77,9,SYNTHETIC DEMO DATA
2026-08-22T14:00:00,78,9,SYNTHETIC DEMO DATA
2026-08-22T14:05:00,77,10,SYNTHETIC DEMO DATA
2026-08-22T14:10:00,83,6,SYNTHETIC DEMO DATA
2026-08-22T14:15:00,76,7,SYNTHETIC DEMO DATA
2026-08-22T14:20:00,82,8,SYNTHETIC DEMO DATA
2026-08-22T14:25:00,71,9,SYNTHETIC DEMO DATA
2026-08-22T14:30:00,79,5,SYNTHETIC DEMO DATA
2026-08-22T14:35:00,79,5,SYNTHETIC DEMO DATA
2026-08-22T14:40:00,71,8,SYNTHETIC DEMO DATA
2026-08-22T14:45:00,80,8,SYNTHETIC DEMO DATA
2026-08-22T14:50:00,67,10,SYNTHETIC DEMO DATA
2026-08-22T14:55:00,62,8,SYNTHETIC DEMO DATA
2026-08-22T15:00:00,75,9,SYNTHETIC DEMO DATA
2026-08-22T15:05:00,60,7,SYNTHETIC DEMO DATA
2026-08-22T15:10:00,65,7,SYNTHETIC DEMO DATA
2026-08-22T15:15:00,68,10,SYNTHETIC DEMO DATA
2026-08-22T15:20:00,68,4,SYNTHETIC DEMO DATA
2026-08-22T15:25:00,75,5,SYNTHETIC DEMO DATA
2026-08-22T15:30:00,76,7,SYNTHETIC DEMO DATA
2026-08-22T15:35:00,74,8,SYNTHETIC DEMO DATA
2026-08-22T15:40:00,69,4,SYNTHETIC DEMO DATA
2026-08-22T15:45:00,76,9,SYNTHETIC DEMO DATA
2026-08-22T15:50:00,73,6,SYNTHETIC DEMO DATA
2026-08-22T15:55:00,74,10,SYNTHETIC DEMO DATA
2026-08-22T16:00:00,74,8,SYNTHETIC DEMO DATA
2026-08-22T16:05:00,79,5,SYNTHETIC DEMO DATA
2026-08-22T16:10:00,69,5,SYNTHETIC DEMO DATA
2026-08-22T16:15:00,74,10,SYNTHETIC DEMO DATA
2026-08-22T16:20:00,81,7,SYNTHETIC DEMO DATA
2026-08-22T16:25:00,86,7,SYNTHETIC DEMO DATA
2026-08-22T16:30:00,88,5,SYNTHETIC DEMO DATA
2026-08-22T16:35:00,108,10,SYNTHETIC DEMO DATA
2026-08-22T16:40:00,84,10,SYNTHETIC DEMO DATA
2026-08-22T16:45:00,91,12,SYNTHETIC DEMO DATA
2026-08-22T16:50:00,103,14,SYNTHETIC DEMO DATA
2026-08-22T16:55:00,102,12,SYNTHETIC DEMO DATA
2026-08-22T17:00:00,99,9,SYNTHETIC DEMO DATA
2026-08-22T17:05:00,109,12,SYNTHETIC DEMO DATA
2026-08-22T17:10:00,102,14,SYNTHETIC DEMO DATA
2026-08-22T17:15:00,97,8,SYNTHETIC DEMO DATA
2026-08-22T17:20:00,103,7,SYNTHETIC DEMO DATA
2026-08-22T17:25:00,101,15,SYNTHETIC DEMO DATA
2026-08-22T17:30:00,114,13,SYNTHETIC DEMO DATA
2026-08-22T17:35:00,112,6,SYNTHETIC DEMO DATA
2026-08-22T17:40:00,103,14,SYNTHETIC DEMO DATA
2026-08-22T17:45:00,104,12,SYNTHETIC DEMO DATA
2026-08-22T17:50:00,116,16,SYNTHETIC DEMO DATA
2026-08-22T17:55:00,109,13,SYNTHETIC DEMO DATA
2026-08-22T18:00:00,107,10,SYNTHETIC DEMO DATA
2026-08-22T18:05:00,105,9,SYNTHETIC DEMO DATA
2026-08-22T18:10:00,118,10,SYNTHETIC DEMO DATA
2026-08-22T18:15:00,112,6,SYNTHETIC DEMO DATA
2026-08-22T18:20:00,91,7,SYNTHETIC DEMO DATA
2026-08-22T18:25:00,112,7,SYNTHETIC DEMO DATA
2026-08-22T18:30:00,108,10,SYNTHETIC DEMO DATA
2026-08-22T18:35:00,97,8,SYNTHETIC DEMO DATA
2026-08-22T18:40:00,92,8,SYNTHETIC DEMO DATA
2026-08-22T18:45:00,78,11,SYNTHETIC DEMO DATA
2026-08-22T18:50:00,100,12,SYNTHETIC DEMO DATA
2026-08-22T18:55:00,99,6,SYNTHETIC DEMO DATA
2026-08-22T19:00:00,94,5,SYNTHETIC DEMO DATA
2026-08-22T19:05:00,69,9,SYNTHETIC DEMO DATA
2026-08-22T19:10:00,74,8,SYNTHETIC DEMO DATA
2026-08-22T19:15:00,87,8,SYNTHETIC DEMO DATA
2026-08-22T19:20:00,78,8,SYNTHETIC DEMO DATA
2026-08-22T19:25:00,69,5,SYNTHETIC DEMO DATA
2026-08-22T19:30:00,83,9,SYNTHETIC DEMO DATA
2026-08-22T19:35:00,65,7,SYNTHETIC DEMO DATA
2026-08-22T19:40:00,68,8,SYNTHETIC DEMO DATA
2026-08-22T19:45:00,59,4,SYNTHETIC DEMO DATA
2026-08-22T19:50:00,59,6,SYNTHETIC DEMO DATA
2026-08-22T19:55:00,61,6,SYNTHETIC DEMO DATA
2026-08-22T20:00:00,56,3,SYNTHETIC DEMO DATA
2026-08-22T20:05:00,52,4,SYNTHETIC DEMO DATA
2026-08-22T20:10:00,60,4,SYNTHETIC DEMO DATA
2026-08-22T20:15:00,45,5,SYNTHETIC DEMO DATA
2026-08-22T20:20:00,47,3,SYNTHETIC DEMO DATA
2026-08-22T20:25:00,45,3,SYNTHETIC DEMO DATA
2026-08-22T20:30:00,44,4,SYNTHETIC DEMO DATA
2026-08-22T20:35:00,43,2,SYNTHETIC DEMO DATA
2026-08-22T20:40:00,31,3,SYNTHETIC DEMO DATA
2026-08-22T20:45:00,32,4,SYNTHETIC DEMO DATA
2026-08-22T20:50:00,26,2,SYNTHETIC DEMO DATA
2026-08-22T20:55:00,25,2,SYNTHETIC DEMO DATA
2026-08-22T21:00:00,26,3,SYNTHETIC DEMO DATA
2026-08-22T21:05:00,25,1,SYNTHETIC DEMO DATA
2026-08-22T21:10:00,23,2,SYNTHETIC DEMO DATA
2026-08-22T21:15:00,28,2,SYNTHETIC DEMO DATA
2026-08-22T21:20:00,28,3,SYNTHETIC DEMO DATA
2026-08-22T21:25:00,27,2,SYNTHETIC DEMO DATA
2026-08-22T21:30:00,23,3,SYNTHETIC DEMO DATA
2026-08-22T21:35:00,26,3,SYNTHETIC DEMO DATA
2026-08-22T21:40:00,25,2,SYNTHETIC DEMO DATA
2026-08-22T21:45:00,26,3,SYNTHETIC DEMO DATA
2026-08-22T21:50:00,25,1,SYNTHETIC DEMO DATA
2026-08-22T21:55:00,25,2,SYNTHETIC DEMO DATA
2026-08-23T08:00:00,16,1,SYNTHETIC DEMO DATA
2026-08-23T08:05:00,15,2,SYNTHETIC DEMO DATA
2026-08-23T08:10:00,16,1,SYNTHETIC DEMO DATA
2026-08-23T08:15:00,15,2,SYNTHETIC DEMO DATA
2026-08-23T08:20:00,19,1,SYNTHETIC DEMO DATA
2026-08-23T08:25:00,18,3,SYNTHETIC DEMO DATA
2026-08-23T08:30:00,22,2,SYNTHETIC DEMO DATA
2026-08-23T08:35:00,20,2,SYNTHETIC DEMO DATA
2026-08-23T08:40:00,22,3,SYNTHETIC DEMO DATA
2026-08-23T08:45:00,21,2,SYNTHETIC DEMO DATA
2026-08-23T08:50:00,25,3,SYNTHETIC DEMO DATA
2026-08-23T08:55:00,22,3,SYNTHETIC DEMO DATA
2026-08-23T09:00:00,24,1,SYNTHETIC DEMO DATA
2026-08-23T09:05:00,30,2,SYNTHETIC DEMO DATA
2026-08-23T09:10:00,29,2,SYNTHETIC DEMO DATA
2026-08-23T09:15:00,29,3,SYNTHETIC DEMO DATA
2026-08-23T09:20:00,36,5,SYNTHETIC DEMO DATA
2026-08-23T09:25:00,31,3,SYNTHETIC DEMO DATA
2026-08-23T09:30:00,30,4,SYNTHETIC DEMO DATA
2026-08-23T09:35:00,36,5,SYNTHETIC DEMO DATA
2026-08-23T09:40:00,36,3,SYNTHETIC DEMO DATA
2026-08-23T09:45:00,38,6,SYNTHETIC DEMO DATA
2026-08-23T09:50:00,39,5,SYNTHETIC DEMO DATA
2026-08-23T09:55:00,45,6,SYNTHETIC DEMO DATA
2026-08-23T10:00:00,42,3,SYNTHETIC DEMO DATA
2026-08-23T10:05:00,46,5,SYNTHETIC DEMO DATA
2026-08-23T10:10:00,44,6,SYNTHETIC DEMO DATA
2026-08-23T10:15:00,49,4,SYNTHETIC DEMO DATA
2026-08-23T10:20:00,52,6,SYNTHETIC DEMO DATA
2026-08-23T10:25:00,54,5,SYNTHETIC DEMO DATA
2026-08-23T10:30:00,55,7,SYNTHETIC DEMO DATA
2026-08-23T10:35:00,54,8,SYNTHETIC DEMO DATA
2026-08-23T10:40:00,57,5,SYNTHETIC DEMO DATA
2026-08-23T10:45:00,55,7,SYNTHETIC DEMO DATA
2026-08-23T10:50:00,62,5,SYNTHETIC DEMO DATA
2026-08-23T10:55:00,64,4,SYNTHETIC DEMO DATA
2026-08-23T11:00:00,57,6,SYNTHETIC DEMO DATA
2026-08-23T11:05:00,66,5,SYNTHETIC DEMO DATA
2026-08-23T11:10:00,69,5,SYNTHETIC DEMO DATA
2026-08-23T11:15:00,71,6,SYNTHETIC DEMO DATA
2026-08-23T11:20:00,74,5,SYNTHETIC DEMO DATA
2026-08-23T11:25:00,85,12,SYNTHETIC DEMO DATA
2026-08-23T11:30:00,88,8,SYNTHETIC DEMO DATA
2026-08-23T11:35:00,97,9,SYNTHETIC DEMO DATA
2026-08-23T11:40:00,79,4,SYNTHETIC DEMO DATA
2026-08-23T11:45:00,91,6,SYNTHETIC DEMO DATA
2026-08-23T11:50:00,81,7,SYNTHETIC DEMO DATA
2026-08-23T11:55:00,89,11,SYNTHETIC DEMO DATA
2026-08-23T12:00:00,91,11,SYNTHETIC DEMO DATA
2026-08-23T12:05:00,94,5,SYNTHETIC DEMO DATA
2026-08-23T12:10:00,90,11,SYNTHETIC DEMO DATA
2026-08-23T12:15:00,96,13,SYNTHETIC DEMO DATA
2026-08-23T12:20:00,94,8,SYNTHETIC DEMO DATA
2026-08-23T12:25:00,89,6,SYNTHETIC DEMO DATA
2026-08-23T12:30:00,88,6,SYNTHETIC DEMO DATA
2026-08-23T12:35:00,107,7,SYNTHETIC DEMO DATA
2026-08-23T12:40:00,97,13,SYNTHETIC DEMO DATA
2026-08-23T12:45:00,97,12,SYNTHETIC DEMO DATA
2026-08-23T12:50:00,105,15,SYNTHETIC DEMO DATA
2026-08-23T12:55:00,97,7,SYNTHETIC DEMO DATA
2026-08-23T13:00:00,97,13,SYNTHETIC DEMO DATA
2026-08-23T13:05:00,95,6,SYNTHETIC DEMO DATA
2026-08-23T13:10:00,103,11,SYNTHETIC DEMO DATA
2026-08-23T13:15:00,92,13,SYNTHETIC DEMO DATA
2026-08-23T13:20:00,89,11,SYNTHETIC DEMO DATA
2026-08-23T13:25:00,96,8,SYNTHETIC DEMO DATA
2026-08-23T13:30:00,95,10,SYNTHETIC DEMO DATA
2026-08-23T13:35:00,87,10,SYNTHETIC DEMO DATA
2026-08-23T13:40:00,75,9,SYNTHETIC DEMO DATA
2026-08-23T13:45:00,88,8,SYNTHETIC DEMO DATA
2026-08-23T13:50:00,85,7,SYNTHETIC DEMO DATA
2026-08-23T13:55:00,88,10,SYNTHETIC DEMO DATA
2026-08-23T14:00:00,73,10,SYNTHETIC DEMO DATA
2026-08-23T14:05:00,83,8,SYNTHETIC DEMO DATA
2026-08-23T14:10:00,88,11,SYNTHETIC DEMO DATA
2026-08-23T14:15:00,84,11,SYNTHETIC DEMO DATA
2026-08-23T14:20:00,75,8,SYNTHETIC DEMO DATA
2026-08-23T14:25:00,81,8,SYNTHETIC DEMO DATA
2026-08-23T14:30:00,74,6,SYNTHETIC DEMO DATA
2026-08-23T14:35:00,67,7,SYNTHETIC DEMO DATA
2026-08-23T14:40:00,71,7,SYNTHETIC DEMO DATA
2026-08-23T14:45:00,73,7,SYNTHETIC DEMO DATA
2026-08-23T14:50:00,74,7,SYNTHETIC DEMO DATA
2026-08-23T14:55:00,64,9,SYNTHETIC DEMO DATA
2026-08-23T15:00:00,79,5,SYNTHETIC DEMO DATA
2026-08-23T15:05:00,69,6,SYNTHETIC DEMO DATA
2026-08-23T15:10:00,64,5,SYNTHETIC DEMO DATA
2026-08-23T15:15:00,67,6,SYNTHETIC DEMO DATA
2026-08-23T15:20:00,75,5,SYNTHETIC DEMO DATA
2026-08-23T15:25:00,71,10,SYNTHETIC DEMO DATA
2026-08-23T15:30:00,70,10,SYNTHETIC DEMO DATA
2026-08-23T15:35:00,72,5,SYNTHETIC DEMO DATA
2026-08-23T15:40:00,75,10,SYNTHETIC DEMO DATA
2026-08-23T15:45:00,77,6,SYNTHETIC DEMO DATA
2026-08-23T15:50:00,61,6,SYNTHETIC DEMO DATA
2026-08-23T15:55:00,70,6,SYNTHETIC DEMO DATA
2026-08-23T16:00:00,76,6,SYNTHETIC DEMO DATA
2026-08-23T16:05:00,81,12,SYNTHETIC DEMO DATA
2026-08-23T16:10:00,79,6,SYNTHETIC DEMO DATA
2026-08-23T16:15:00,69,6,SYNTHETIC DEMO DATA
2026-08-23T16:20:00,78,10,SYNTHETIC DEMO DATA
2026-08-23T16:25:00,90,9,SYNTHETIC DEMO DATA
2026-08-23T16:30:00,92,8,SYNTHETIC DEMO DATA
2026-08-23T16:35:00,93,8,SYNTHETIC DEMO DATA
2026-08-23T16:40:00,109,10,SYNTHETIC DEMO DATA
2026-08-23T16:45:00,98,5,SYNTHETIC DEMO DATA
2026-08-23T16:50:00,109,13,SYNTHETIC DEMO DATA
2026-08-23T16:55:00,102,7,SYNTHETIC DEMO DATA
2026-08-23T17:00:00,123,8,SYNTHETIC DEMO DATA
2026-08-23T17:05:00,106,16,SYNTHETIC DEMO DATA
2026-08-23T17:10:00,110,7,SYNTHETIC DEMO DATA
2026-08-23T17:15:00,96,10,SYNTHETIC DEMO DATA
2026-08-23T17:20:00,124,12,SYNTHETIC DEMO DATA
2026-08-23T17:25:00,101,14,SYNTHETIC DEMO DATA
2026-08-23T17:30:00,100,13,SYNTHETIC DEMO DATA
2026-08-23T17:35:00,108,14,SYNTHETIC DEMO DATA
2026-08-23T17:40:00,115,15,SYNTHETIC DEMO DATA
2026-08-23T17:45:00,116,13,SYNTHETIC DEMO DATA
2026-08-23T17:50:00,112,9,SYNTHETIC DEMO DATA
2026-08-23T17:55:00,113,14,SYNTHETIC DEMO DATA
2026-08-23T18:00:00,93,9,SYNTHETIC DEMO DATA
2026-08-23T18:05:00,86,6,SYNTHETIC DEMO DATA
2026-08-23T18:10:00,110,10,SYNTHETIC DEMO DATA
2026-08-23T18:15:00,88,13,SYNTHETIC DEMO DATA
2026-08-23T18:20:00,111,9,SYNTHETIC DEMO DATA
2026-08-23T18:25:00,103,8,SYNTHETIC DEMO DATA
2026-08-23T18:30:00,103,15,SYNTHETIC DEMO DATA
2026-08-23T18:35:00,103,7,SYNTHETIC DEMO DATA
2026-08-23T18:40:00,88,7,SYNTHETIC DEMO DATA
2026-08-23T18:45:00,105,14,SYNTHETIC DEMO DATA
2026-08-23T18:50:00,88,9,SYNTHETIC DEMO DATA
2026-08-23T18:55:00,88,7,SYNTHETIC DEMO DATA
2026-08-23T19:00:00,92,6,SYNTHETIC DEMO DATA
2026-08-23T19:05:00,79,12,SYNTHETIC DEMO DATA
2026-08-23T19:10:00,83,7,SYNTHETIC DEMO DATA
2026-08-23T19:15:00,81,6,SYNTHETIC DEMO DATA
2026-08-23T19:20:00,75,9,SYNTHETIC DEMO DATA
2026-08-23T19:25:00,74,4,SYNTHETIC DEMO DATA
2026-08-23T19:30:00,63,5,SYNTHETIC DEMO DATA
2026-08-23T19:35:00,66,6,SYNTHETIC DEMO DATA
2026-08-23T19:40:00,62,4,SYNTHETIC DEMO DATA
2026-08-23T19:45:00,60,5,SYNTHETIC DEMO DATA
2026-08-23T19:50:00,59,5,SYNTHETIC DEMO DATA
2026-08-23T19:55:00,63,9,SYNTHETIC DEMO DATA
2026-08-23T20:00:00,50,4,SYNTHETIC DEMO DATA
2026-08-23T20:05:00,52,7,SYNTHETIC DEMO DATA
2026-08-23T20:10:00,54,5,SYNTHETIC DEMO DATA
2026-08-23T20:15:00,53,7,SYNTHETIC DEMO DATA
2026-08-23T20:20:00,48,6,SYNTHETIC DEMO DATA
2026-08-23T20:25:00,42,3,SYNTHETIC DEMO DATA
2026-08-23T20:30:00,40,4,SYNTHETIC DEMO DATA
2026-08-23T20:35:00,35,3,SYNTHETIC DEMO DATA
2026-08-23T20:40:00,32,3,SYNTHETIC DEMO DATA
2026-08-23T20:45:00,34,3,SYNTHETIC DEMO DATA
2026-08-23T20:50:00,31,3,SYNTHETIC DEMO DATA
2026-08-23T20:55:00,31,2,SYNTHETIC DEMO DATA
2026-08-23T21:00:00,25,2,SYNTHETIC DEMO DATA
2026-08-23T21:05:00,24,3,SYNTHETIC DEMO DATA
2026-08-23T21:10:00,24,3,SYNTHETIC DEMO DATA
2026-08-23T21:15:00,24,3,SYNTHETIC DEMO DATA
2026-08-23T21:20:00,28,4,SYNTHETIC DEMO DATA
2026-08-23T21:25:00,24,2,SYNTHETIC DEMO DATA
2026-08-23T21:30:00,26,2,SYNTHETIC DEMO DATA
2026-08-23T21:35:00,21,2,SYNTHETIC DEMO DATA
2026-08-23T21:40:00,29,4,SYNTHETIC DEMO DATA
2026-08-23T21:45:00,25,2,SYNTHETIC DEMO DATA
2026-08-23T21:50:00,25,1,SYNTHETIC DEMO DATA
2026-08-23T21:55:00,25,2,SYNTHETIC DEMO DATA
2026-08-24T08:00:00,13,2,SYNTHETIC DEMO DATA
2026-08-24T08:05:00,13,1,SYNTHETIC DEMO DATA
2026-08-24T08:10:00,14,2,SYNTHETIC DEMO DATA
2026-08-24T08:15:00,15,1,SYNTHETIC DEMO DATA
2026-08-24T08:20:00,15,2,SYNTHETIC DEMO DATA
2026-08-24T08:25:00,16,2,SYNTHETIC DEMO DATA
2026-08-24T08:30:00,18,2,SYNTHETIC DEMO DATA
2026-08-24T08:35:00,18,2,SYNTHETIC DEMO DATA
2026-08-24T08:40:00,18,2,SYNTHETIC DEMO DATA
2026-08-24T08:45:00,17,2,SYNTHETIC DEMO DATA
2026-08-24T08:50:00,20,1,SYNTHETIC DEMO DATA
2026-08-24T08:55:00,17,2,SYNTHETIC DEMO DATA
2026-08-24T09:00:00,22,2,SYNTHETIC DEMO DATA
2026-08-24T09:05:00,21,1,SYNTHETIC DEMO DATA
2026-08-24T09:10:00,25,3,SYNTHETIC DEMO DATA
2026-08-24T09:15:00,23,3,SYNTHETIC DEMO DATA
2026-08-24T09:20:00,23,2,SYNTHETIC DEMO DATA
2026-08-24T09:25:00,28,3,SYNTHETIC DEMO DATA
2026-08-24T09:30:00,28,4,SYNTHETIC DEMO DATA
2026-08-24T09:35:00,31,3,SYNTHETIC DEMO DATA
2026-08-24T09:40:00,29,2,SYNTHETIC DEMO DATA
2026-08-24T09:45:00,32,2,SYNTHETIC DEMO DATA
2026-08-24T09:50:00,33,4,SYNTHETIC DEMO DATA
2026-08-24T09:55:00,36,2,SYNTHETIC DEMO DATA
2026-08-24T10:00:00,32,3,SYNTHETIC DEMO DATA
2026-08-24T10:05:00,36,5,SYNTHETIC DEMO DATA
2026-08-24T10:10:00,43,5,SYNTHETIC DEMO DATA
2026-08-24T10:15:00,35,3,SYNTHETIC DEMO DATA
2026-08-24T10:20:00,37,3,SYNTHETIC DEMO DATA
2026-08-24T10:25:00,37,5,SYNTHETIC DEMO DATA
2026-08-24T10:30:00,40,5,SYNTHETIC DEMO DATA
2026-08-24T10:35:00,45,4,SYNTHETIC DEMO DATA
2026-08-24T10:40:00,47,4,SYNTHETIC DEMO DATA
2026-08-24T10:45:00,46,5,SYNTHETIC DEMO DATA
2026-08-24T10:50:00,56,7,SYNTHETIC DEMO DATA
2026-08-24T10:55:00,54,4,SYNTHETIC DEMO DATA
2026-08-24T11:00:00,52,7,SYNTHETIC DEMO DATA
2026-08-24T11:05:00,46,2,SYNTHETIC DEMO DATA
2026-08-24T11:10:00,59,5,SYNTHETIC DEMO DATA
2026-08-24T11:15:00,55,6,SYNTHETIC DEMO DATA
2026-08-24T11:20:00,55,7,SYNTHETIC DEMO DATA
2026-08-24T11:25:00,51,5,SYNTHETIC DEMO DATA
2026-08-24T11:30:00,73,7,SYNTHETIC DEMO DATA
2026-08-24T11:35:00,69,8,SYNTHETIC DEMO DATA
2026-08-24T11:40:00,54,5,SYNTHETIC DEMO DATA
2026-08-24T11:45:00,71,11,SYNTHETIC DEMO DATA
2026-08-24T11:50:00,60,9,SYNTHETIC DEMO DATA
2026-08-24T11:55:00,74,8,SYNTHETIC DEMO DATA
2026-08-24T12:00:00,82,12,SYNTHETIC DEMO DATA
2026-08-24T12:05:00,62,9,SYNTHETIC DEMO DATA
2026-08-24T12:10:00,72,7,SYNTHETIC DEMO DATA
2026-08-24T12:15:00,79,5,SYNTHETIC DEMO DATA
2026-08-24T12:20:00,79,11,SYNTHETIC DEMO DATA
2026-08-24T12:25:00,84,10,SYNTHETIC DEMO DATA
2026-08-24T12:30:00,85,7,SYNTHETIC DEMO DATA
2026-08-24T12:35:00,71,6,SYNTHETIC DEMO DATA
2026-08-24T12:40:00,82,7,SYNTHETIC DEMO DATA
2026-08-24T12:45:00,75,7,SYNTHETIC DEMO DATA
2026-08-24T12:50:00,79,6,SYNTHETIC DEMO DATA
2026-08-24T12:55:00,73,8,SYNTHETIC DEMO DATA
2026-08-24T13:00:00,79,5,SYNTHETIC DEMO DATA
2026-08-24T13:05:00,86,7,SYNTHETIC DEMO DATA
2026-08-24T13:10:00,70,5,SYNTHETIC DEMO DATA
2026-08-24T13:15:00,69,7,SYNTHETIC DEMO DATA
2026-08-24T13:20:00,75,4,SYNTHETIC DEMO DATA
2026-08-24T13:25:00,79,9,SYNTHETIC DEMO DATA
2026-08-24T13:30:00,72,5,SYNTHETIC DEMO DATA
2026-08-24T13:35:00,81,8,SYNTHETIC DEMO DATA
2026-08-24T13:40:00,70,9,SYNTHETIC DEMO DATA
2026-08-24T13:45:00,68,8,SYNTHETIC DEMO DATA
2026-08-24T13:50:00,67,5,SYNTHETIC DEMO DATA
2026-08-24T13:55:00,59,4,SYNTHETIC DEMO DATA
2026-08-24T14:00:00,62,3,SYNTHETIC DEMO DATA
2026-08-24T14:05:00,61,6,SYNTHETIC DEMO DATA
2026-08-24T14:10:00,65,9,SYNTHETIC DEMO DATA
2026-08-24T14:15:00,59,3,SYNTHETIC DEMO DATA
2026-08-24T14:20:00,68,6,SYNTHETIC DEMO DATA
2026-08-24T14:25:00,60,6,SYNTHETIC DEMO DATA
2026-08-24T14:30:00,62,9,SYNTHETIC DEMO DATA
2026-08-24T14:35:00,65,7,SYNTHETIC DEMO DATA
2026-08-24T14:40:00,61,5,SYNTHETIC DEMO DATA
2026-08-24T14:45:00,63,7,SYNTHETIC DEMO DATA
2026-08-24T14:50:00,54,3,SYNTHETIC DEMO DATA
2026-08-24T14:55:00,63,9,SYNTHETIC DEMO DATA
2026-08-24T15:00:00,55,4,SYNTHETIC DEMO DATA
2026-08-24T15:05:00,54,4,SYNTHETIC DEMO DATA
2026-08-24T15:10:00,65,4,SYNTHETIC DEMO DATA
2026-08-24T15:15:00,54,3,SYNTHETIC DEMO DATA
2026-08-24T15:20:00,59,8,SYNTHETIC DEMO DATA
2026-08-24T15:25:00,55,7,SYNTHETIC DEMO DATA
2026-08-24T15:30:00,60,3,SYNTHETIC DEMO DATA
2026-08-24T15:35:00,54,7,SYNTHETIC DEMO DATA
2026-08-24T15:40:00,61,4,SYNTHETIC DEMO DATA
2026-08-24T15:45:00,62,6,SYNTHETIC DEMO DATA
2026-08-24T15:50:00,56,4,SYNTHETIC DEMO DATA
2026-08-24T15:55:00,56,4,SYNTHETIC DEMO DATA
2026-08-24T16:00:00,57,5,SYNTHETIC DEMO DATA
2026-08-24T16:05:00,65,8,SYNTHETIC DEMO DATA
2026-08-24T16:10:00,77,7,SYNTHETIC DEMO DATA
2026-08-24T16:15:00,66,6,SYNTHETIC DEMO DATA
2026-08-24T16:20:00,72,10,SYNTHETIC DEMO DATA
2026-08-24T16:25:00,71,5,SYNTHETIC DEMO DATA
2026-08-24T16:30:00,62,7,SYNTHETIC DEMO DATA
2026-08-24T16:35:00,76,7,SYNTHETIC DEMO DATA
2026-08-24T16:40:00,83,11,SYNTHETIC DEMO DATA
2026-08-24T16:45:00,84,10,SYNTHETIC DEMO DATA
2026-08-24T16:50:00,81,11,SYNTHETIC DEMO DATA
2026-08-24T16:55:00,78,4,SYNTHETIC DEMO DATA
2026-08-24T17:00:00,89,9,SYNTHETIC DEMO DATA
2026-08-24T17:05:00,88,5,SYNTHETIC DEMO DATA
2026-08-24T17:10:00,87,12,SYNTHETIC DEMO DATA
2026-08-24T17:15:00,83,7,SYNTHETIC DEMO DATA
2026-08-24T17:20:00,72,5,SYNTHETIC DEMO DATA
2026-08-24T17:25:00,99,14,SYNTHETIC DEMO DATA
2026-08-24T17:30:00,78,5,SYNTHETIC DEMO DATA
2026-08-24T17:35:00,89,6,SYNTHETIC DEMO DATA
2026-08-24T17:40:00,90,8,SYNTHETIC DEMO DATA
2026-08-24T17:45:00,102,8,SYNTHETIC DEMO DATA
2026-08-24T17:50:00,91,12,SYNTHETIC DEMO DATA
2026-08-24T17:55:00,96,8,SYNTHETIC DEMO DATA
2026-08-24T18:00:00,88,10,SYNTHETIC DEMO DATA
2026-08-24T18:05:00,81,11,SYNTHETIC DEMO DATA
2026-08-24T18:10:00,99,8,SYNTHETIC DEMO DATA
2026-08-24T18:15:00,87,11,SYNTHETIC DEMO DATA
2026-08-24T18:20:00,81,4,SYNTHETIC DEMO DATA
2026-08-24T18:25:00,78,10,SYNTHETIC DEMO DATA
2026-08-24T18:30:00,86,9,SYNTHETIC DEMO DATA
2026-08-24T18:35:00,79,7,SYNTHETIC DEMO DATA
2026-08-24T18:40:00,77,5,SYNTHETIC DEMO DATA
2026-08-24T18:45:00,73,10,SYNTHETIC DEMO DATA
2026-08-24T18:50:00,71,4,SYNTHETIC DEMO DATA
2026-08-24T18:55:00,63,4,SYNTHETIC DEMO DATA
2026-08-24T19:00:00,75,7,SYNTHETIC DEMO DATA
2026-08-24T19:05:00,78,5,SYNTHETIC DEMO DATA
2026-08-24T19:10:00,66,5,SYNTHETIC DEMO DATA
2026-08-24T19:15:00,66,6,SYNTHETIC DEMO DATA
2026-08-24T19:20:00,57,6,SYNTHETIC DEMO DATA
2026-08-24T19:25:00,65,5,SYNTHETIC DEMO DATA
2026-08-24T19:30:00,54,8,SYNTHETIC DEMO DATA
2026-08-24T19:35:00,49,7,SYNTHETIC DEMO DATA
2026-08-24T19:40:00,53,5,SYNTHETIC DEMO DATA
2026-08-24T19:45:00,55,3,SYNTHETIC DEMO DATA
2026-08-24T19:50:00,53,8,SYNTHETIC DEMO DATA
2026-08-24T19:55:00,45,4,SYNTHETIC DEMO DATA
2026-08-24T20:00:00,46,6,SYNTHETIC DEMO DATA
2026-08-24T20:05:00,43,4,SYNTHETIC DEMO DATA
2026-08-24T20:10:00,40,2,SYNTHETIC DEMO DATA
2026-08-24T20:15:00,38,4,SYNTHETIC DEMO DATA
2026-08-24T20:20:00,37,4,SYNTHETIC DEMO DATA
2026-08-24T20:25:00,35,2,SYNTHETIC DEMO DATA
2026-08-24T20:30:00,29,3,SYNTHETIC DEMO DATA
2026-08-24T20:35:00,30,4,SYNTHETIC DEMO DATA
2026-08-24T20:40:00,27,1,SYNTHETIC DEMO DATA
2026-08-24T20:45:00,26,2,SYNTHETIC DEMO DATA
2026-08-24T20:50:00,25,2,SYNTHETIC DEMO DATA
2026-08-24T20:55:00,21,3,SYNTHETIC DEMO DATA
2026-08-24T21:00:00,19,2,SYNTHETIC DEMO DATA
2026-08-24T21:05:00,21,3,SYNTHETIC DEMO DATA
2026-08-24T21:10:00,22,2,SYNTHETIC DEMO DATA
2026-08-24T21:15:00,18,2,SYNTHETIC DEMO DATA
2026-08-24T21:20:00,19,3,SYNTHETIC DEMO DATA
2026-08-24T21:25:00,19,2,SYNTHETIC DEMO DATA
2026-08-24T21:30:00,21,2,SYNTHETIC DEMO DATA
2026-08-24T21:35:00,19,2,SYNTHETIC DEMO DATA
2026-08-24T21:40:00,21,3,SYNTHETIC DEMO DATA
2026-08-24T21:45:00,20,2,SYNTHETIC DEMO DATA
2026-08-24T21:50:00,20,2,SYNTHETIC DEMO DATA
2026-08-24T21:55:00,19,3,SYNTHETIC DEMO DATA
2026-08-25T08:00:00,15,2,SYNTHETIC DEMO DATA
2026-08-25T08:05:00,12,1,SYNTHETIC DEMO DATA
2026-08-25T08:10:00,12,2,SYNTHETIC DEMO DATA
2026-08-25T08:15:00,12,1,SYNTHETIC DEMO DATA
2026-08-25T08:20:00,19,3,SYNTHETIC DEMO DATA
2026-08-25T08:25:00,16,1,SYNTHETIC DEMO DATA
2026-08-25T08:30:00,15,1,SYNTHETIC DEMO DATA
2026-08-25T08:35:00,16,2,SYNTHETIC DEMO DATA
2026-08-25T08:40:00,17,2,SYNTHETIC DEMO DATA
2026-08-25T08:45:00,19,1,SYNTHETIC DEMO DATA
2026-08-25T08:50:00,19,3,SYNTHETIC DEMO DATA
2026-08-25T08:55:00,18,2,SYNTHETIC DEMO DATA
2026-08-25T09:00:00,22,2,SYNTHETIC DEMO DATA
2026-08-25T09:05:00,20,2,SYNTHETIC DEMO DATA
2026-08-25T09:10:00,22,3,SYNTHETIC DEMO DATA
2026-08-25T09:15:00,25,3,SYNTHETIC DEMO DATA
2026-08-25T09:20:00,26,4,SYNTHETIC DEMO DATA
2026-08-25T09:25:00,28,3,SYNTHETIC DEMO DATA
2026-08-25T09:30:00,27,2,SYNTHETIC DEMO DATA
2026-08-25T09:35:00,29,3,SYNTHETIC DEMO DATA
2026-08-25T09:40:00,29,2,SYNTHETIC DEMO DATA
2026-08-25T09:45:00,30,4,SYNTHETIC DEMO DATA
2026-08-25T09:50:00,35,4,SYNTHETIC DEMO DATA
2026-08-25T09:55:00,30,2,SYNTHETIC DEMO DATA
2026-08-25T10:00:00,36,5,SYNTHETIC DEMO DATA
2026-08-25T10:05:00,37,4,SYNTHETIC DEMO DATA
2026-08-25T10:10:00,37,5,SYNTHETIC DEMO DATA
2026-08-25T10:15:00,40,3,SYNTHETIC DEMO DATA
2026-08-25T10:20:00,42,2,SYNTHETIC DEMO DATA
2026-08-25T10:25:00,41,6,SYNTHETIC DEMO DATA
2026-08-25T10:30:00,43,6,SYNTHETIC DEMO DATA
2026-08-25T10:35:00,45,6,SYNTHETIC DEMO DATA
2026-08-25T10:40:00,47,7,SYNTHETIC DEMO DATA
2026-08-25T10:45:00,45,4,SYNTHETIC DEMO DATA
2026-08-25T10:50:00,52,3,SYNTHETIC DEMO DATA
2026-08-25T10:55:00,44,3,SYNTHETIC DEMO DATA
2026-08-25T11:00:00,59,5,SYNTHETIC DEMO DATA
2026-08-25T11:05:00,50,5,SYNTHETIC DEMO DATA
2026-08-25T11:10:00,53,5,SYNTHETIC DEMO DATA
2026-08-25T11:15:00,53,5,SYNTHETIC DEMO DATA
2026-08-25T11:20:00,61,8,SYNTHETIC DEMO DATA
2026-08-25T11:25:00,55,6,SYNTHETIC DEMO DATA
2026-08-25T11:30:00,54,4,SYNTHETIC DEMO DATA
2026-08-25T11:35:00,63,8,SYNTHETIC DEMO DATA
2026-08-25T11:40:00,64,7,SYNTHETIC DEMO DATA
2026-08-25T11:45:00,65,4,SYNTHETIC DEMO DATA
2026-08-25T11:50:00,75,7,SYNTHETIC DEMO DATA
2026-08-25T11:55:00,67,9,SYNTHETIC DEMO DATA
2026-08-25T12:00:00,78,5,SYNTHETIC DEMO DATA
2026-08-25T12:05:00,82,12,SYNTHETIC DEMO DATA
2026-08-25T12:10:00,81,11,SYNTHETIC DEMO DATA
2026-08-25T12:15:00,70,4,SYNTHETIC DEMO DATA
2026-08-25T12:20:00,70,6,SYNTHETIC DEMO DATA
2026-08-25T12:25:00,87,8,SYNTHETIC DEMO DATA
2026-08-25T12:30:00,71,7,SYNTHETIC DEMO DATA
2026-08-25T12:35:00,82,10,SYNTHETIC DEMO DATA
2026-08-25T12:40:00,75,4,SYNTHETIC DEMO DATA
2026-08-25T12:45:00,84,5,SYNTHETIC DEMO DATA
2026-08-25T12:50:00,71,9,SYNTHETIC DEMO DATA
2026-08-25T12:55:00,79,11,SYNTHETIC DEMO DATA
2026-08-25T13:00:00,71,5,SYNTHETIC DEMO DATA
2026-08-25T13:05:00,70,7,SYNTHETIC DEMO DATA
2026-08-25T13:10:00,70,6,SYNTHETIC DEMO DATA
2026-08-25T13:15:00,82,11,SYNTHETIC DEMO DATA
2026-08-25T13:20:00,76,6,SYNTHETIC DEMO DATA
2026-08-25T13:25:00,67,8,SYNTHETIC DEMO DATA
2026-08-25T13:30:00,81,10,SYNTHETIC DEMO DATA
2026-08-25T13:35:00,64,6,SYNTHETIC DEMO DATA
2026-08-25T13:40:00,73,7,SYNTHETIC DEMO DATA
2026-08-25T13:45:00,72,6,SYNTHETIC DEMO DATA
2026-08-25T13:50:00,68,6,SYNTHETIC DEMO DATA
2026-08-25T13:55:00,71,10,SYNTHETIC DEMO DATA
2026-08-25T14:00:00,61,8,SYNTHETIC DEMO DATA
2026-08-25T14:05:00,61,7,SYNTHETIC DEMO DATA
2026-08-25T14:10:00,67,6,SYNTHETIC DEMO DATA
2026-08-25T14:15:00,51,4,SYNTHETIC DEMO DATA
2026-08-25T14:20:00,52,5,SYNTHETIC DEMO DATA
2026-08-25T14:25:00,60,7,SYNTHETIC DEMO DATA
2026-08-25T14:30:00,57,7,SYNTHETIC DEMO DATA
2026-08-25T14:35:00,55,4,SYNTHETIC DEMO DATA
2026-08-25T14:40:00,59,6,SYNTHETIC DEMO DATA
2026-08-25T14:45:00,52,5,SYNTHETIC DEMO DATA
2026-08-25T14:50:00,50,4,SYNTHETIC DEMO DATA
2026-08-25T14:55:00,62,9,SYNTHETIC DEMO DATA
2026-08-25T15:00:00,57,5,SYNTHETIC DEMO DATA
2026-08-25T15:05:00,58,8,SYNTHETIC DEMO DATA
2026-08-25T15:10:00,55,4,SYNTHETIC DEMO DATA
2026-08-25T15:15:00,48,5,SYNTHETIC DEMO DATA
2026-08-25T15:20:00,56,3,SYNTHETIC DEMO DATA
2026-08-25T15:25:00,57,4,SYNTHETIC DEMO DATA
2026-08-25T15:30:00,55,8,SYNTHETIC DEMO DATA
2026-08-25T15:35:00,62,6,SYNTHETIC DEMO DATA
2026-08-25T15:40:00,56,5,SYNTHETIC DEMO DATA
2026-08-25T15:45:00,65,9,SYNTHETIC DEMO DATA
2026-08-25T15:50:00,67,4,SYNTHETIC DEMO DATA
2026-08-25T15:55:00,55,5,SYNTHETIC DEMO DATA
2026-08-25T16:00:00,62,8,SYNTHETIC DEMO DATA
2026-08-25T16:05:00,68,8,SYNTHETIC DEMO DATA
2026-08-25T16:10:00,61,5,SYNTHETIC DEMO DATA
2026-08-25T16:15:00,66,5,SYNTHETIC DEMO DATA
2026-08-25T16:20:00,79,10,SYNTHETIC DEMO DATA
2026-08-25T16:25:00,63,6,SYNTHETIC DEMO DATA
2026-08-25T16:30:00,72,4,SYNTHETIC DEMO DATA
2026-08-25T16:35:00,84,7,SYNTHETIC DEMO DATA
2026-08-25T16:40:00,79,12,SYNTHETIC DEMO DATA
2026-08-25T16:45:00,65,6,SYNTHETIC DEMO DATA
2026-08-25T16:50:00,78,5,SYNTHETIC DEMO DATA
2026-08-25T16:55:00,77,4,SYNTHETIC DEMO DATA
2026-08-25T17:00:00,84,5,SYNTHETIC DEMO DATA
2026-08-25T17:05:00,92,10,SYNTHETIC DEMO DATA
2026-08-25T17:10:00,85,12,SYNTHETIC DEMO DATA
2026-08-25T17:15:00,94,12,SYNTHETIC DEMO DATA
2026-08-25T17:20:00,92,8,SYNTHETIC DEMO DATA
2026-08-25T17:25:00,89,9,SYNTHETIC DEMO DATA
2026-08-25T17:30:00,89,10,SYNTHETIC DEMO DATA
2026-08-25T17:35:00,82,7,SYNTHETIC DEMO DATA
2026-08-25T17:40:00,96,12,SYNTHETIC DEMO DATA
2026-08-25T17:45:00,75,11,SYNTHETIC DEMO DATA
2026-08-25T17:50:00,81,12,SYNTHETIC DEMO DATA
2026-08-25T17:55:00,94,7,SYNTHETIC DEMO DATA
2026-08-25T18:00:00,77,9,SYNTHETIC DEMO DATA
2026-08-25T18:05:00,102,12,SYNTHETIC DEMO DATA
2026-08-25T18:10:00,91,9,SYNTHETIC DEMO DATA
2026-08-25T18:15:00,80,8,SYNTHETIC DEMO DATA
2026-08-25T18:20:00,85,4,SYNTHETIC DEMO DATA
2026-08-25T18:25:00,76,11,SYNTHETIC DEMO DATA
2026-08-25T18:30:00,80,8,SYNTHETIC DEMO DATA
2026-08-25T18:35:00,76,10,SYNTHETIC DEMO DATA
2026-08-25T18:40:00,81,8,SYNTHETIC DEMO DATA
2026-08-25T18:45:00,76,7,SYNTHETIC DEMO DATA
2026-08-25T18:50:00,70,6,SYNTHETIC DEMO DATA
2026-08-25T18:55:00,77,5,SYNTHETIC DEMO DATA
2026-08-25T19:00:00,65,7,SYNTHETIC DEMO DATA
2026-08-25T19:05:00,63,5,SYNTHETIC DEMO DATA
2026-08-25T19:10:00,56,7,SYNTHETIC DEMO DATA
2026-08-25T19:15:00,60,7,SYNTHETIC DEMO DATA
2026-08-25T19:20:00,71,8,SYNTHETIC DEMO DATA
2026-08-25T19:25:00,58,5,SYNTHETIC DEMO DATA
2026-08-25T19:30:00,46,6,SYNTHETIC DEMO DATA
2026-08-25T19:35:00,54,8,SYNTHETIC DEMO DATA
2026-08-25T19:40:00,47,2,SYNTHETIC DEMO DATA
2026-08-25T19:45:00,50,3,SYNTHETIC DEMO DATA
2026-08-25T19:50:00,44,5,SYNTHETIC DEMO DATA
2026-08-25T19:55:00,52,6,SYNTHETIC DEMO DATA
2026-08-25T20:00:00,48,3,SYNTHETIC DEMO DATA
2026-08-25T20:05:00,45,2,SYNTHETIC DEMO DATA
2026-08-25T20:10:00,40,4,SYNTHETIC DEMO DATA
2026-08-25T20:15:00,39,3,SYNTHETIC DEMO DATA
2026-08-25T20:20:00,36,3,SYNTHETIC DEMO DATA
2026-08-25T20:25:00,33,4,SYNTHETIC DEMO DATA
2026-08-25T20:30:00,33,2,SYNTHETIC DEMO DATA
2026-08-25T20:35:00,34,2,SYNTHETIC DEMO DATA
2026-08-25T20:40:00,28,3,SYNTHETIC DEMO DATA
2026-08-25T20:45:00,25,2,SYNTHETIC DEMO DATA
2026-08-25T20:50:00,26,4,SYNTHETIC DEMO DATA
2026-08-25T20:55:00,24,3,SYNTHETIC DEMO DATA
2026-08-25T21:00:00,19,1,SYNTHETIC DEMO DATA
2026-08-25T21:05:00,19,3,SYNTHETIC DEMO DATA
2026-08-25T21:10:00,17,2,SYNTHETIC DEMO DATA
2026-08-25T21:15:00,20,2,SYNTHETIC DEMO DATA
2026-08-25T21:20:00,18,1,SYNTHETIC DEMO DATA
2026-08-25T21:25:00,22,3,SYNTHETIC DEMO DATA
2026-08-25T21:30:00,20,1,SYNTHETIC DEMO DATA
2026-08-25T21:35:00,20,2,SYNTHETIC DEMO DATA
2026-08-25T21:40:00,21,3,SYNTHETIC DEMO DATA
2026-08-25T21:45:00,21,2,SYNTHETIC DEMO DATA
2026-08-25T21:50:00,20,2,SYNTHETIC DEMO DATA
2026-08-25T21:55:00,21,2,SYNTHETIC DEMO DATA
2026-08-26T08:00:00,12,1,SYNTHETIC DEMO DATA
2026-08-26T08:05:00,13,1,SYNTHETIC DEMO DATA
2026-08-26T08:10:00,14,2,SYNTHETIC DEMO DATA
2026-08-26T08:15:00,12,1,SYNTHETIC DEMO DATA
2026-08-26T08:20:00,14,2,SYNTHETIC DEMO DATA
2026-08-26T08:25:00,16,2,SYNTHETIC DEMO DATA
2026-08-26T08:30:00,14,1,SYNTHETIC DEMO DATA
2026-08-26T08:35:00,16,2,SYNTHETIC DEMO DATA
2026-08-26T08:40:00,18,2,SYNTHETIC DEMO DATA
2026-08-26T08:45:00,17,1,SYNTHETIC DEMO DATA
2026-08-26T08:50:00,16,1,SYNTHETIC DEMO DATA
2026-08-26T08:55:00,19,3,SYNTHETIC DEMO DATA
2026-08-26T09:00:00,18,3,SYNTHETIC DEMO DATA
2026-08-26T09:05:00,23,2,SYNTHETIC DEMO DATA
2026-08-26T09:10:00,22,3,SYNTHETIC DEMO DATA
2026-08-26T09:15:00,22,2,SYNTHETIC DEMO DATA
2026-08-26T09:20:00,23,1,SYNTHETIC DEMO DATA
2026-08-26T09:25:00,27,3,SYNTHETIC DEMO DATA
2026-08-26T09:30:00,29,3,SYNTHETIC DEMO DATA
2026-08-26T09:35:00,29,4,SYNTHETIC DEMO DATA
2026-08-26T09:40:00,30,4,SYNTHETIC DEMO DATA
2026-08-26T09:45:00,26,3,SYNTHETIC DEMO DATA
2026-08-26T09:50:00,32,3,SYNTHETIC DEMO DATA
2026-08-26T09:55:00,40,4,SYNTHETIC DEMO DATA
2026-08-26T10:00:00,38,6,SYNTHETIC DEMO DATA
2026-08-26T10:05:00,36,2,SYNTHETIC DEMO DATA
2026-08-26T10:10:00,39,2,SYNTHETIC DEMO DATA
2026-08-26T10:15:00,39,5,SYNTHETIC DEMO DATA
2026-08-26T10:20:00,43,5,SYNTHETIC DEMO DATA
2026-08-26T10:25:00,45,7,SYNTHETIC DEMO DATA
2026-08-26T10:30:00,41,4,SYNTHETIC DEMO DATA
2026-08-26T10:35:00,42,3,SYNTHETIC DEMO DATA
2026-08-26T10:40:00,47,3,SYNTHETIC DEMO DATA
2026-08-26T10:45:00,45,4,SYNTHETIC DEMO DATA
2026-08-26T10:50:00,45,7,SYNTHETIC DEMO DATA
2026-08-26T10:55:00,48,6,SYNTHETIC DEMO DATA
2026-08-26T11:00:00,54,5,SYNTHETIC DEMO DATA
2026-08-26T11:05:00,54,4,SYNTHETIC DEMO DATA
2026-08-26T11:10:00,58,5,SYNTHETIC DEMO DATA
2026-08-26T11:15:00,53,5,SYNTHETIC DEMO DATA
2026-08-26T11:20:00,62,5,SYNTHETIC DEMO DATA
2026-08-26T11:25:00,62,7,SYNTHETIC DEMO DATA
2026-08-26T11:30:00,58,5,SYNTHETIC DEMO DATA
2026-08-26T11:35:00,54,7,SYNTHETIC DEMO DATA
2026-08-26T11:40:00,63,7,SYNTHETIC DEMO DATA
2026-08-26T11:45:00,62,8,SYNTHETIC DEMO DATA
2026-08-26T11:50:00,64,6,SYNTHETIC DEMO DATA
2026-08-26T11:55:00,80,8,SYNTHETIC DEMO DATA
2026-08-26T12:00:00,88,7,SYNTHETIC DEMO DATA
2026-08-26T12:05:00,76,10,SYNTHETIC DEMO DATA
2026-08-26T12:10:00,80,10,SYNTHETIC DEMO DATA
2026-08-26T12:15:00,81,9,SYNTHETIC DEMO DATA
2026-08-26T12:20:00,76,8,SYNTHETIC DEMO DATA
2026-08-26T12:25:00,82,6,SYNTHETIC DEMO DATA
2026-08-26T12:30:00,74,7,SYNTHETIC DEMO DATA
2026-08-26T12:35:00,80,7,SYNTHETIC DEMO DATA
2026-08-26T12:40:00,91,8,SYNTHETIC DEMO DATA
2026-08-26T12:45:00,89,12,SYNTHETIC DEMO DATA
2026-08-26T12:50:00,80,4,SYNTHETIC DEMO DATA
2026-08-26T12:55:00,76,5,SYNTHETIC DEMO DATA
2026-08-26T13:00:00,88,8,SYNTHETIC DEMO DATA
2026-08-26T13:05:00,78,7,SYNTHETIC DEMO DATA
2026-08-26T13:10:00,82,5,SYNTHETIC DEMO DATA
2026-08-26T13:15:00,80,7,SYNTHETIC DEMO DATA
2026-08-26T13:20:00,73,11,SYNTHETIC DEMO DATA
2026-08-26T13:25:00,72,6,SYNTHETIC DEMO DATA
2026-08-26T13:30:00,74,6,SYNTHETIC DEMO DATA
2026-08-26T13:35:00,71,6,SYNTHETIC DEMO DATA
2026-08-26T13:40:00,73,10,SYNTHETIC DEMO DATA
2026-08-26T13:45:00,71,7,SYNTHETIC DEMO DATA
2026-08-26T13:50:00,70,5,SYNTHETIC DEMO DATA
2026-08-26T13:55:00,67,5,SYNTHETIC DEMO DATA
2026-08-26T14:00:00,66,7,SYNTHETIC DEMO DATA
2026-08-26T14:05:00,67,9,SYNTHETIC DEMO DATA
2026-08-26T14:10:00,58,7,SYNTHETIC DEMO DATA
2026-08-26T14:15:00,63,4,SYNTHETIC DEMO DATA
2026-08-26T14:20:00,66,8,SYNTHETIC DEMO DATA
2026-08-26T14:25:00,55,3,SYNTHETIC DEMO DATA
2026-08-26T14:30:00,59,6,SYNTHETIC DEMO DATA
2026-08-26T14:35:00,62,3,SYNTHETIC DEMO DATA
2026-08-26T14:40:00,71,9,SYNTHETIC DEMO DATA
2026-08-26T14:45:00,61,7,SYNTHETIC DEMO DATA
2026-08-26T14:50:00,64,3,SYNTHETIC DEMO DATA
2026-08-26T14:55:00,60,5,SYNTHETIC DEMO DATA
2026-08-26T15:00:00,56,4,SYNTHETIC DEMO DATA
2026-08-26T15:05:00,57,5,SYNTHETIC DEMO DATA
2026-08-26T15:10:00,60,9,SYNTHETIC DEMO DATA
2026-08-26T15:15:00,50,5,SYNTHETIC DEMO DATA
2026-08-26T15:20:00,57,6,SYNTHETIC DEMO DATA
2026-08-26T15:25:00,53,4,SYNTHETIC DEMO DATA
2026-08-26T15:30:00,58,4,SYNTHETIC DEMO DATA
2026-08-26T15:35:00,59,7,SYNTHETIC DEMO DATA
2026-08-26T15:40:00,48,6,SYNTHETIC DEMO DATA
2026-08-26T15:45:00,64,5,SYNTHETIC DEMO DATA
2026-08-26T15:50:00,64,4,SYNTHETIC DEMO DATA
2026-08-26T15:55:00,56,5,SYNTHETIC DEMO DATA
2026-08-26T16:00:00,65,6,SYNTHETIC DEMO DATA
2026-08-26T16:05:00,57,8,SYNTHETIC DEMO DATA
2026-08-26T16:10:00,64,3,SYNTHETIC DEMO DATA
2026-08-26T16:15:00,64,4,SYNTHETIC DEMO DATA
2026-08-26T16:20:00,66,9,SYNTHETIC DEMO DATA
2026-08-26T16:25:00,69,4,SYNTHETIC DEMO DATA
2026-08-26T16:30:00,66,5,SYNTHETIC DEMO DATA
2026-08-26T16:35:00,79,10,SYNTHETIC DEMO DATA
2026-08-26T16:40:00,79,6,SYNTHETIC DEMO DATA
2026-08-26T16:45:00,85,8,SYNTHETIC DEMO DATA
2026-08-26T16:50:00,85,7,SYNTHETIC DEMO DATA
2026-08-26T16:55:00,82,5,SYNTHETIC DEMO DATA
2026-08-26T17:00:00,89,12,SYNTHETIC DEMO DATA
2026-08-26T17:05:00,89,6,SYNTHETIC DEMO DATA
2026-08-26T17:10:00,80,11,SYNTHETIC DEMO DATA
2026-08-26T17:15:00,89,6,SYNTHETIC DEMO DATA
2026-08-26T17:20:00,88,8,SYNTHETIC DEMO DATA
2026-08-26T17:25:00,90,8,SYNTHETIC DEMO DATA
2026-08-26T17:30:00,80,5,SYNTHETIC DEMO DATA
2026-08-26T17:35:00,87,8,SYNTHETIC DEMO DATA
2026-08-26T17:40:00,86,8,SYNTHETIC DEMO DATA
2026-08-26T17:45:00,92,6,SYNTHETIC DEMO DATA
2026-08-26T17:50:00,94,11,SYNTHETIC DEMO DATA
2026-08-26T17:55:00,91,9,SYNTHETIC DEMO DATA
2026-08-26T18:00:00,97,8,SYNTHETIC DEMO DATA
2026-08-26T18:05:00,91,5,SYNTHETIC DEMO DATA
2026-08-26T18:10:00,92,11,SYNTHETIC DEMO DATA
2026-08-26T18:15:00,81,11,SYNTHETIC DEMO DATA
2026-08-26T18:20:00,81,8,SYNTHETIC DEMO DATA
2026-08-26T18:25:00,75,7,SYNTHETIC DEMO DATA
2026-08-26T18:30:00,87,5,SYNTHETIC DEMO DATA
2026-08-26T18:35:00,78,4,SYNTHETIC DEMO DATA
2026-08-26T18:40:00,81,5,SYNTHETIC DEMO DATA
2026-08-26T18:45:00,83,7,SYNTHETIC DEMO DATA
2026-08-26T18:50:00,79,10,SYNTHETIC DEMO DATA
2026-08-26T18:55:00,66,10,SYNTHETIC DEMO DATA
2026-08-26T19:00:00,63,7,SYNTHETIC DEMO DATA
2026-08-26T19:05:00,75,5,SYNTHETIC DEMO DATA
2026-08-26T19:10:00,65,7,SYNTHETIC DEMO DATA
2026-08-26T19:15:00,60,5,SYNTHETIC DEMO DATA
2026-08-26T19:20:00,54,6,SYNTHETIC DEMO DATA
2026-08-26T19:25:00,58,9,SYNTHETIC DEMO DATA
2026-08-26T19:30:00,61,6,SYNTHETIC DEMO DATA
2026-08-26T19:35:00,52,3,SYNTHETIC DEMO DATA
2026-08-26T19:40:00,50,3,SYNTHETIC DEMO DATA
2026-08-26T19:45:00,52,3,SYNTHETIC DEMO DATA
2026-08-26T19:50:00,48,4,SYNTHETIC DEMO DATA
2026-08-26T19:55:00,47,4,SYNTHETIC DEMO DATA
2026-08-26T20:00:00,44,6,SYNTHETIC DEMO DATA
2026-08-26T20:05:00,49,6,SYNTHETIC DEMO DATA
2026-08-26T20:10:00,39,4,SYNTHETIC DEMO DATA
2026-08-26T20:15:00,34,2,SYNTHETIC DEMO DATA
2026-08-26T20:20:00,38,5,SYNTHETIC DEMO DATA
2026-08-26T20:25:00,35,5,SYNTHETIC DEMO DATA
2026-08-26T20:30:00,32,3,SYNTHETIC DEMO DATA
2026-08-26T20:35:00,32,4,SYNTHETIC DEMO DATA
2026-08-26T20:40:00,31,2,SYNTHETIC DEMO DATA
2026-08-26T20:45:00,28,2,SYNTHETIC DEMO DATA
2026-08-26T20:50:00,23,3,SYNTHETIC DEMO DATA
2026-08-26T20:55:00,23,2,SYNTHETIC DEMO DATA
2026-08-26T21:00:00,20,2,SYNTHETIC DEMO DATA
2026-08-26T21:05:00,21,2,SYNTHETIC DEMO DATA
2026-08-26T21:10:00,19,3,SYNTHETIC DEMO DATA
2026-08-26T21:15:00,22,1,SYNTHETIC DEMO DATA
2026-08-26T21:20:00,21,1,SYNTHETIC DEMO DATA
2026-08-26T21:25:00,17,2,SYNTHETIC DEMO DATA
2026-08-26T21:30:00,20,2,SYNTHETIC DEMO DATA
2026-08-26T21:35:00,22,3,SYNTHETIC DEMO DATA
2026-08-26T21:40:00,22,1,SYNTHETIC DEMO DATA
2026-08-26T21:45:00,22,3,SYNTHETIC DEMO DATA
2026-08-26T21:50:00,20,3,SYNTHETIC DEMO DATA
2026-08-26T21:55:00,21,2,SYNTHETIC DEMO DATA
2026-08-27T08:00:00,12,1,SYNTHETIC DEMO DATA
2026-08-27T08:05:00,11,1,SYNTHETIC DEMO DATA
2026-08-27T08:10:00,14,2,SYNTHETIC DEMO DATA
2026-08-27T08:15:00,12,1,SYNTHETIC DEMO DATA
2026-08-27T08:20:00,13,1,SYNTHETIC DEMO DATA
2026-08-27T08:25:00,15,2,SYNTHETIC DEMO DATA
2026-08-27T08:30:00,15,1,SYNTHETIC DEMO DATA
2026-08-27T08:35:00,16,1,SYNTHETIC DEMO DATA
2026-08-27T08:40:00,17,2,SYNTHETIC DEMO DATA
2026-08-27T08:45:00,18,2,SYNTHETIC DEMO DATA
2026-08-27T08:50:00,18,2,SYNTHETIC DEMO DATA
2026-08-27T08:55:00,15,1,SYNTHETIC DEMO DATA
2026-08-27T09:00:00,20,1,SYNTHETIC DEMO DATA
2026-08-27T09:05:00,21,2,SYNTHETIC DEMO DATA
2026-08-27T09:10:00,20,1,SYNTHETIC DEMO DATA
2026-08-27T09:15:00,26,2,SYNTHETIC DEMO DATA
2026-08-27T09:20:00,25,3,SYNTHETIC DEMO DATA
2026-08-27T09:25:00,25,1,SYNTHETIC DEMO DATA
2026-08-27T09:30:00,21,2,SYNTHETIC DEMO DATA
2026-08-27T09:35:00,25,3,SYNTHETIC DEMO DATA
2026-08-27T09:40:00,33,4,SYNTHETIC DEMO DATA
2026-08-27T09:45:00,32,4,SYNTHETIC DEMO DATA
2026-08-27T09:50:00,35,4,SYNTHETIC DEMO DATA
2026-08-27T09:55:00,34,4,SYNTHETIC DEMO DATA
2026-08-27T10:00:00,40,5,SYNTHETIC DEMO DATA
2026-08-27T10:05:00,34,5,SYNTHETIC DEMO DATA
2026-08-27T10:10:00,36,5,SYNTHETIC DEMO DATA
2026-08-27T10:15:00,41,4,SYNTHETIC DEMO DATA
2026-08-27T10:20:00,37,6,SYNTHETIC DEMO DATA
2026-08-27T10:25:00,36,5,SYNTHETIC DEMO DATA
2026-08-27T10:30:00,45,3,SYNTHETIC DEMO DATA
2026-08-27T10:35:00,44,2,SYNTHETIC DEMO DATA
2026-08-27T10:40:00,40,4,SYNTHETIC DEMO DATA
2026-08-27T10:45:00,45,5,SYNTHETIC DEMO DATA
2026-08-27T10:50:00,47,5,SYNTHETIC DEMO DATA
2026-08-27T10:55:00,45,6,SYNTHETIC DEMO DATA
2026-08-27T11:00:00,44,7,SYNTHETIC DEMO DATA
2026-08-27T11:05:00,56,7,SYNTHETIC DEMO DATA
2026-08-27T11:10:00,50,7,SYNTHETIC DEMO DATA
2026-08-27T11:15:00,50,3,SYNTHETIC DEMO DATA
2026-08-27T11:20:00,53,7,SYNTHETIC DEMO DATA
2026-08-27T11:25:00,58,7,SYNTHETIC DEMO DATA
2026-08-27T11:30:00,69,10,SYNTHETIC DEMO DATA
2026-08-27T11:35:00,66,5,SYNTHETIC DEMO DATA
2026-08-27T11:40:00,70,4,SYNTHETIC DEMO DATA
2026-08-27T11:45:00,63,5,SYNTHETIC DEMO DATA
2026-08-27T11:50:00,61,3,SYNTHETIC DEMO DATA
2026-08-27T11:55:00,68,7,SYNTHETIC DEMO DATA
2026-08-27T12:00:00,79,5,SYNTHETIC DEMO DATA
2026-08-27T12:05:00,77,9,SYNTHETIC DEMO DATA
2026-08-27T12:10:00,72,6,SYNTHETIC DEMO DATA
2026-08-27T12:15:00,70,9,SYNTHETIC DEMO DATA
2026-08-27T12:20:00,72,7,SYNTHETIC DEMO DATA
2026-08-27T12:25:00,69,9,SYNTHETIC DEMO DATA
2026-08-27T12:30:00,84,5,SYNTHETIC DEMO DATA
2026-08-27T12:35:00,69,8,SYNTHETIC DEMO DATA
2026-08-27T12:40:00,69,7,SYNTHETIC DEMO DATA
2026-08-27T12:45:00,81,11,SYNTHETIC DEMO DATA
2026-08-27T12:50:00,86,8,SYNTHETIC DEMO DATA
2026-08-27T12:55:00,84,10,SYNTHETIC DEMO DATA
2026-08-27T13:00:00,79,6,SYNTHETIC DEMO DATA
2026-08-27T13:05:00,65,3,SYNTHETIC DEMO DATA
2026-08-27T13:10:00,73,6,SYNTHETIC DEMO DATA
2026-08-27T13:15:00,76,8,SYNTHETIC DEMO DATA
2026-08-27T13:20:00,67,8,SYNTHETIC DEMO DATA
2026-08-27T13:25:00,80,12,SYNTHETIC DEMO DATA
2026-08-27T13:30:00,74,6,SYNTHETIC DEMO DATA
2026-08-27T13:35:00,68,9,SYNTHETIC DEMO DATA
2026-08-27T13:40:00,78,7,SYNTHETIC DEMO DATA
2026-08-27T13:45:00,57,4,SYNTHETIC DEMO DATA
2026-08-27T13:50:00,77,11,SYNTHETIC DEMO DATA
2026-08-27T13:55:00,62,7,SYNTHETIC DEMO DATA
2026-08-27T14:00:00,67,9,SYNTHETIC DEMO DATA
2026-08-27T14:05:00,56,6,SYNTHETIC DEMO DATA
2026-08-27T14:10:00,62,5,SYNTHETIC DEMO DATA
2026-08-27T14:15:00,64,6,SYNTHETIC DEMO DATA
2026-08-27T14:20:00,61,7,SYNTHETIC DEMO DATA
2026-08-27T14:25:00,51,5,SYNTHETIC DEMO DATA
2026-08-27T14:30:00,56,3,SYNTHETIC DEMO DATA
2026-08-27T14:35:00,60,4,SYNTHETIC DEMO DATA
2026-08-27T14:40:00,64,5,SYNTHETIC DEMO DATA
2026-08-27T14:45:00,62,6,SYNTHETIC DEMO DATA
2026-08-27T14:50:00,62,7,SYNTHETIC DEMO DATA
2026-08-27T14:55:00,55,5,SYNTHETIC DEMO DATA
2026-08-27T15:00:00,65,8,SYNTHETIC DEMO DATA
2026-08-27T15:05:00,54,8,SYNTHETIC DEMO DATA
2026-08-27T15:10:00,54,6,SYNTHETIC DEMO DATA
2026-08-27T15:15:00,53,5,SYNTHETIC DEMO DATA
2026-08-27T15:20:00,52,7,SYNTHETIC DEMO DATA
2026-08-27T15:25:00,53,4,SYNTHETIC DEMO DATA
2026-08-27T15:30:00,58,3,SYNTHETIC DEMO DATA
2026-08-27T15:35:00,59,4,SYNTHETIC DEMO DATA
2026-08-27T15:40:00,55,5,SYNTHETIC DEMO DATA
2026-08-27T15:45:00,49,5,SYNTHETIC DEMO DATA
2026-08-27T15:50:00,64,4,SYNTHETIC DEMO DATA
2026-08-27T15:55:00,67,4,SYNTHETIC DEMO DATA
2026-08-27T16:00:00,54,4,SYNTHETIC DEMO DATA
2026-08-27T16:05:00,65,6,SYNTHETIC DEMO DATA
2026-08-27T16:10:00,63,4,SYNTHETIC DEMO DATA
2026-08-27T16:15:00,63,8,SYNTHETIC DEMO DATA
2026-08-27T16:20:00,65,5,SYNTHETIC DEMO DATA
2026-08-27T16:25:00,71,6,SYNTHETIC DEMO DATA
2026-08-27T16:30:00,79,10,SYNTHETIC DEMO DATA
2026-08-27T16:35:00,82,8,SYNTHETIC DEMO DATA
2026-08-27T16:40:00,77,6,SYNTHETIC DEMO DATA
2026-08-27T16:45:00,84,8,SYNTHETIC DEMO DATA
2026-08-27T16:50:00,82,10,SYNTHETIC DEMO DATA
2026-08-27T16:55:00,86,11,SYNTHETIC DEMO DATA
2026-08-27T17:00:00,90,9,SYNTHETIC DEMO DATA
2026-08-27T17:05:00,84,5,SYNTHETIC DEMO DATA
2026-08-27T17:10:00,79,11,SYNTHETIC DEMO DATA
2026-08-27T17:15:00,84,9,SYNTHETIC DEMO DATA
2026-08-27T17:20:00,85,8,SYNTHETIC DEMO DATA
2026-08-27T17:25:00,94,10,SYNTHETIC DEMO DATA
2026-08-27T17:30:00,89,10,SYNTHETIC DEMO DATA
2026-08-27T17:35:00,91,5,SYNTHETIC DEMO DATA
2026-08-27T17:40:00,83,7,SYNTHETIC DEMO DATA
2026-08-27T17:45:00,82,12,SYNTHETIC DEMO DATA
2026-08-27T17:50:00,92,7,SYNTHETIC DEMO DATA
2026-08-27T17:55:00,81,10,SYNTHETIC DEMO DATA
2026-08-27T18:00:00,94,12,SYNTHETIC DEMO DATA
2026-08-27T18:05:00,83,10,SYNTHETIC DEMO DATA
2026-08-27T18:10:00,79,9,SYNTHETIC DEMO DATA
2026-08-27T18:15:00,101,10,SYNTHETIC DEMO DATA
2026-08-27T18:20:00,71,4,SYNTHETIC DEMO DATA
2026-08-27T18:25:00,83,7,SYNTHETIC DEMO DATA
2026-08-27T18:30:00,83,7,SYNTHETIC DEMO DATA
2026-08-27T18:35:00,80,6,SYNTHETIC DEMO DATA
2026-08-27T18:40:00,74,7,SYNTHETIC DEMO DATA
2026-08-27T18:45:00,80,10,SYNTHETIC DEMO DATA
2026-08-27T18:50:00,78,7,SYNTHETIC DEMO DATA
2026-08-27T18:55:00,74,10,SYNTHETIC DEMO DATA
2026-08-27T19:00:00,79,5,SYNTHETIC DEMO DATA
2026-08-27T19:05:00,79,9,SYNTHETIC DEMO DATA
2026-08-27T19:10:00,57,4,SYNTHETIC DEMO DATA
2026-08-27T19:15:00,63,7,SYNTHETIC DEMO DATA
2026-08-27T19:20:00,65,6,SYNTHETIC DEMO DATA
2026-08-27T19:25:00,55,5,SYNTHETIC DEMO DATA
2026-08-27T19:30:00,60,4,SYNTHETIC DEMO DATA
2026-08-27T19:35:00,53,3,SYNTHETIC DEMO DATA
2026-08-27T19:40:00,45,6,SYNTHETIC DEMO DATA
2026-08-27T19:45:00,49,7,SYNTHETIC DEMO DATA
2026-08-27T19:50:00,51,4,SYNTHETIC DEMO DATA
2026-08-27T19:55:00,43,4,SYNTHETIC DEMO DATA
2026-08-27T20:00:00,45,6,SYNTHETIC DEMO DATA
2026-08-27T20:05:00,40,5,SYNTHETIC DEMO DATA
2026-08-27T20:10:00,40,2,SYNTHETIC DEMO DATA
2026-08-27T20:15:00,44,5,SYNTHETIC DEMO DATA
2026-08-27T20:20:00,38,4,SYNTHETIC DEMO DATA
2026-08-27T20:25:00,35,4,SYNTHETIC DEMO DATA
2026-08-27T20:30:00,29,2,SYNTHETIC DEMO DATA
2026-08-27T20:35:00,31,4,SYNTHETIC DEMO DATA
2026-08-27T20:40:00,31,2,SYNTHETIC DEMO DATA
2026-08-27T20:45:00,30,4,SYNTHETIC DEMO DATA
2026-08-27T20:50:00,25,3,SYNTHETIC DEMO DATA
2026-08-27T20:55:00,20,2,SYNTHETIC DEMO DATA
2026-08-27T21:00:00,17,2,SYNTHETIC DEMO DATA
2026-08-27T21:05:00,18,1,SYNTHETIC DEMO DATA
2026-08-27T21:10:00,22,2,SYNTHETIC DEMO DATA
2026-08-27T21:15:00,23,2,SYNTHETIC DEMO DATA
2026-08-27T21:20:00,16,1,SYNTHETIC DEMO DATA
2026-08-27T21:25:00,21,2,SYNTHETIC DEMO DATA
2026-08-27T21:30:00,18,1,SYNTHETIC DEMO DATA
2026-08-27T21:35:00,20,2,SYNTHETIC DEMO DATA
2026-08-27T21:40:00,17,1,SYNTHETIC DEMO DATA
2026-08-27T21:45:00,20,2,SYNTHETIC DEMO DATA
2026-08-27T21:50:00,21,3,SYNTHETIC DEMO DATA
2026-08-27T21:55:00,20,2,SYNTHETIC DEMO DATA
2026-08-28T08:00:00,13,1,SYNTHETIC DEMO DATA
2026-08-28T08:05:00,11,1,SYNTHETIC DEMO DATA
2026-08-28T08:10:00,14,1,SYNTHETIC DEMO DATA
2026-08-28T08:15:00,13,1,SYNTHETIC DEMO DATA
2026-08-28T08:20:00,16,2,SYNTHETIC DEMO DATA
2026-08-28T08:25:00,18,2,SYNTHETIC DEMO DATA
2026-08-28T08:30:00,15,1,SYNTHETIC DEMO DATA
2026-08-28T08:35:00,18,2,SYNTHETIC DEMO DATA
2026-08-28T08:40:00,18,2,SYNTHETIC DEMO DATA
2026-08-28T08:45:00,20,1,SYNTHETIC DEMO DATA
2026-08-28T08:50:00,19,2,SYNTHETIC DEMO DATA
2026-08-28T08:55:00,19,2,SYNTHETIC DEMO DATA
2026-08-28T09:00:00,20,3,SYNTHETIC DEMO DATA
2026-08-28T09:05:00,23,3,SYNTHETIC DEMO DATA
2026-08-28T09:10:00,24,3,SYNTHETIC DEMO DATA
2026-08-28T09:15:00,20,2,SYNTHETIC DEMO DATA
2026-08-28T09:20:00,24,1,SYNTHETIC DEMO DATA
2026-08-28T09:25:00,23,1,SYNTHETIC DEMO DATA
2026-08-28T09:30:00,29,3,SYNTHETIC DEMO DATA
2026-08-28T09:35:00,24,4,SYNTHETIC DEMO DATA
2026-08-28T09:40:00,33,4,SYNTHETIC DEMO DATA
2026-08-28T09:45:00,32,2,SYNTHETIC DEMO DATA
2026-08-28T09:50:00,33,3,SYNTHETIC DEMO DATA
2026-08-28T09:55:00,35,4,SYNTHETIC DEMO DATA
2026-08-28T10:00:00,37,5,SYNTHETIC DEMO DATA
2026-08-28T10:05:00,37,2,SYNTHETIC DEMO DATA
2026-08-28T10:10:00,35,3,SYNTHETIC DEMO DATA
2026-08-28T10:15:00,36,3,SYNTHETIC DEMO DATA
2026-08-28T10:20:00,44,4,SYNTHETIC DEMO DATA
2026-08-28T10:25:00,42,5,SYNTHETIC DEMO DATA
2026-08-28T10:30:00,47,7,SYNTHETIC DEMO DATA
2026-08-28T10:35:00,47,4,SYNTHETIC DEMO DATA
2026-08-28T10:40:00,47,4,SYNTHETIC DEMO DATA
2026-08-28T10:45:00,51,4,SYNTHETIC DEMO DATA
2026-08-28T10:50:00,48,4,SYNTHETIC DEMO DATA
2026-08-28T10:55:00,47,7,SYNTHETIC DEMO DATA
2026-08-28T11:00:00,50,7,SYNTHETIC DEMO DATA
2026-08-28T11:05:00,51,6,SYNTHETIC DEMO DATA
2026-08-28T11:10:00,58,5,SYNTHETIC DEMO DATA
2026-08-28T11:15:00,52,6,SYNTHETIC DEMO DATA
2026-08-28T11:20:00,55,6,SYNTHETIC DEMO DATA
2026-08-28T11:25:00,54,6,SYNTHETIC DEMO DATA
2026-08-28T11:30:00,62,8,SYNTHETIC DEMO DATA
2026-08-28T11:35:00,61,7,SYNTHETIC DEMO DATA
2026-08-28T11:40:00,71,10,SYNTHETIC DEMO DATA
2026-08-28T11:45:00,78,9,SYNTHETIC DEMO DATA
2026-08-28T11:50:00,75,8,SYNTHETIC DEMO DATA
2026-08-28T11:55:00,76,11,SYNTHETIC DEMO DATA
2026-08-28T12:00:00,75,5,SYNTHETIC DEMO DATA
2026-08-28T12:05:00,78,4,SYNTHETIC DEMO DATA
2026-08-28T12:10:00,85,12,SYNTHETIC DEMO DATA
2026-08-28T12:15:00,82,10,SYNTHETIC DEMO DATA
2026-08-28T12:20:00,70,5,SYNTHETIC DEMO DATA
2026-08-28T12:25:00,82,5,SYNTHETIC DEMO DATA
2026-08-28T12:30:00,81,5,SYNTHETIC DEMO DATA
2026-08-28T12:35:00,73,10,SYNTHETIC DEMO DATA
2026-08-28T12:40:00,84,4,SYNTHETIC DEMO DATA
2026-08-28T12:45:00,68,6,SYNTHETIC DEMO DATA
2026-08-28T12:50:00,82,9,SYNTHETIC DEMO DATA
2026-08-28T12:55:00,77,8,SYNTHETIC DEMO DATA
2026-08-28T13:00:00,78,9,SYNTHETIC DEMO DATA
2026-08-28T13:05:00,84,8,SYNTHETIC DEMO DATA
2026-08-28T13:10:00,83,7,SYNTHETIC DEMO DATA
2026-08-28T13:15:00,75,6,SYNTHETIC DEMO DATA
2026-08-28T13:20:00,82,8,SYNTHETIC DEMO DATA
2026-08-28T13:25:00,77,11,SYNTHETIC DEMO DATA
2026-08-28T13:30:00,69,6,SYNTHETIC DEMO DATA
2026-08-28T13:35:00,69,10,SYNTHETIC DEMO DATA
2026-08-28T13:40:00,66,4,SYNTHETIC DEMO DATA
2026-08-28T13:45:00,75,7,SYNTHETIC DEMO DATA
2026-08-28T13:50:00,76,8,SYNTHETIC DEMO DATA
2026-08-28T13:55:00,64,10,SYNTHETIC DEMO DATA
2026-08-28T14:00:00,68,4,SYNTHETIC DEMO DATA
2026-08-28T14:05:00,63,4,SYNTHETIC DEMO DATA
2026-08-28T14:10:00,57,3,SYNTHETIC DEMO DATA
2026-08-28T14:15:00,54,3,SYNTHETIC DEMO DATA
2026-08-28T14:20:00,61,4,SYNTHETIC DEMO DATA
2026-08-28T14:25:00,63,6,SYNTHETIC DEMO DATA
2026-08-28T14:30:00,66,9,SYNTHETIC DEMO DATA
2026-08-28T14:35:00,54,4,SYNTHETIC DEMO DATA
2026-08-28T14:40:00,60,7,SYNTHETIC DEMO DATA
2026-08-28T14:45:00,61,3,SYNTHETIC DEMO DATA
2026-08-28T14:50:00,63,9,SYNTHETIC DEMO DATA
2026-08-28T14:55:00,62,9,SYNTHETIC DEMO DATA
2026-08-28T15:00:00,47,5,SYNTHETIC DEMO DATA
2026-08-28T15:05:00,62,4,SYNTHETIC DEMO DATA
2026-08-28T15:10:00,56,3,SYNTHETIC DEMO DATA
2026-08-28T15:15:00,64,4,SYNTHETIC DEMO DATA
2026-08-28T15:20:00,57,7,SYNTHETIC DEMO DATA
2026-08-28T15:25:00,66,5,SYNTHETIC DEMO DATA
2026-08-28T15:30:00,58,8,SYNTHETIC DEMO DATA
2026-08-28T15:35:00,63,8,SYNTHETIC DEMO DATA
2026-08-28T15:40:00,57,7,SYNTHETIC DEMO DATA
2026-08-28T15:45:00,59,7,SYNTHETIC DEMO DATA
2026-08-28T15:50:00,58,7,SYNTHETIC DEMO DATA
2026-08-28T15:55:00,53,6,SYNTHETIC DEMO DATA
2026-08-28T16:00:00,55,6,SYNTHETIC DEMO DATA
2026-08-28T16:05:00,59,8,SYNTHETIC DEMO DATA
2026-08-28T16:10:00,60,6,SYNTHETIC DEMO DATA
2026-08-28T16:15:00,69,4,SYNTHETIC DEMO DATA
2026-08-28T16:20:00,57,8,SYNTHETIC DEMO DATA
2026-08-28T16:25:00,68,7,SYNTHETIC DEMO DATA
2026-08-28T16:30:00,74,9,SYNTHETIC DEMO DATA
2026-08-28T16:35:00,76,5,SYNTHETIC DEMO DATA
2026-08-28T16:40:00,74,4,SYNTHETIC DEMO DATA
2026-08-28T16:45:00,88,12,SYNTHETIC DEMO DATA
2026-08-28T16:50:00,77,7,SYNTHETIC DEMO DATA
2026-08-28T16:55:00,70,4,SYNTHETIC DEMO DATA
2026-08-28T17:00:00,80,10,SYNTHETIC DEMO DATA
2026-08-28T17:05:00,74,9,SYNTHETIC DEMO DATA
2026-08-28T17:10:00,71,6,SYNTHETIC DEMO DATA
2026-08-28T17:15:00,87,8,SYNTHETIC DEMO DATA
2026-08-28T17:20:00,93,6,SYNTHETIC DEMO DATA
2026-08-28T17:25:00,86,7,SYNTHETIC DEMO DATA
2026-08-28T17:30:00,93,12,SYNTHETIC DEMO DATA
2026-08-28T17:35:00,83,12,SYNTHETIC DEMO DATA
2026-08-28T17:40:00,84,6,SYNTHETIC DEMO DATA
2026-08-28T17:45:00,86,13,SYNTHETIC DEMO DATA
2026-08-28T17:50:00,79,10,SYNTHETIC DEMO DATA
2026-08-28T17:55:00,94,11,SYNTHETIC DEMO DATA
2026-08-28T18:00:00,84,6,SYNTHETIC DEMO DATA
2026-08-28T18:05:00,85,9,SYNTHETIC DEMO DATA
2026-08-28T18:10:00,94,12,SYNTHETIC DEMO DATA
2026-08-28T18:15:00,90,9,SYNTHETIC DEMO DATA
2026-08-28T18:20:00,86,6,SYNTHETIC DEMO DATA
2026-08-28T18:25:00,88,10,SYNTHETIC DEMO DATA
2026-08-28T18:30:00,86,9,SYNTHETIC DEMO DATA
2026-08-28T18:35:00,89,8,SYNTHETIC DEMO DATA
2026-08-28T18:40:00,89,11,SYNTHETIC DEMO DATA
2026-08-28T18:45:00,77,4,SYNTHETIC DEMO DATA
2026-08-28T18:50:00,78,7,SYNTHETIC DEMO DATA
2026-08-28T18:55:00,82,12,SYNTHETIC DEMO DATA
2026-08-28T19:00:00,71,7,SYNTHETIC DEMO DATA
2026-08-28T19:05:00,64,7,SYNTHETIC DEMO DATA
2026-08-28T19:10:00,64,4,SYNTHETIC DEMO DATA
2026-08-28T19:15:00,63,6,SYNTHETIC DEMO DATA
2026-08-28T19:20:00,59,3,SYNTHETIC DEMO DATA
2026-08-28T19:25:00,58,4,SYNTHETIC DEMO DATA
2026-08-28T19:30:00,58,7,SYNTHETIC DEMO DATA
2026-08-28T19:35:00,62,5,SYNTHETIC DEMO DATA
2026-08-28T19:40:00,58,9,SYNTHETIC DEMO DATA
2026-08-28T19:45:00,40,2,SYNTHETIC DEMO DATA
2026-08-28T19:50:00,49,5,SYNTHETIC DEMO DATA
2026-08-28T19:55:00,47,7,SYNTHETIC DEMO DATA
2026-08-28T20:00:00,49,6,SYNTHETIC DEMO DATA
2026-08-28T20:05:00,40,4,SYNTHETIC DEMO DATA
2026-08-28T20:10:00,42,5,SYNTHETIC DEMO DATA
2026-08-28T20:15:00,36,3,SYNTHETIC DEMO DATA
2026-08-28T20:20:00,32,3,SYNTHETIC DEMO DATA
2026-08-28T20:25:00,34,4,SYNTHETIC DEMO DATA
2026-08-28T20:30:00,33,4,SYNTHETIC DEMO DATA
2026-08-28T20:35:00,36,5,SYNTHETIC DEMO DATA
2026-08-28T20:40:00,26,3,SYNTHETIC DEMO DATA
2026-08-28T20:45:00,28,3,SYNTHETIC DEMO DATA
2026-08-28T20:50:00,24,2,SYNTHETIC DEMO DATA
2026-08-28T20:55:00,21,3,SYNTHETIC DEMO DATA
2026-08-28T21:00:00,19,1,SYNTHETIC DEMO DATA
2026-08-28T21:05:00,19,3,SYNTHETIC DEMO DATA
2026-08-28T21:10:00,20,2,SYNTHETIC DEMO DATA
2026-08-28T21:15:00,20,1,SYNTHETIC DEMO DATA
2026-08-28T21:20:00,19,1,SYNTHETIC DEMO DATA
2026-08-28T21:25:00,22,3,SYNTHETIC DEMO DATA
2026-08-28T21:30:00,22,3,SYNTHETIC DEMO DATA
2026-08-28T21:35:00,22,1,SYNTHETIC DEMO DATA
2026-08-28T21:40:00,18,2,SYNTHETIC DEMO DATA
2026-08-28T21:45:00,19,2,SYNTHETIC DEMO DATA
2026-08-28T21:50:00,23,2,SYNTHETIC DEMO DATA
2026-08-28T21:55:00,20,2,SYNTHETIC DEMO DATA
2026-08-29T08:00:00,14,2,SYNTHETIC DEMO DATA
2026-08-29T08:05:00,17,1,SYNTHETIC DEMO DATA
2026-08-29T08:10:00,17,1,SYNTHETIC DEMO DATA
2026-08-29T08:15:00,18,2,SYNTHETIC DEMO DATA
2026-08-29T08:20:00,19,1,SYNTHETIC DEMO DATA
2026-08-29T08:25:00,19,2,SYNTHETIC DEMO DATA
2026-08-29T08:30:00,19,2,SYNTHETIC DEMO DATA
2026-08-29T08:35:00,18,2,SYNTHETIC DEMO DATA
2026-08-29T08:40:00,22,3,SYNTHETIC DEMO DATA
2026-08-29T08:45:00,22,3,SYNTHETIC DEMO DATA
2026-08-29T08:50:00,24,3,SYNTHETIC DEMO DATA
2026-08-29T08:55:00,23,2,SYNTHETIC DEMO DATA
2026-08-29T09:00:00,26,1,SYNTHETIC DEMO DATA
2026-08-29T09:05:00,27,3,SYNTHETIC DEMO DATA
2026-08-29T09:10:00,25,3,SYNTHETIC DEMO DATA
2026-08-29T09:15:00,29,4,SYNTHETIC DEMO DATA
2026-08-29T09:20:00,28,3,SYNTHETIC DEMO DATA
2026-08-29T09:25:00,37,5,SYNTHETIC DEMO DATA
2026-08-29T09:30:00,36,2,SYNTHETIC DEMO DATA
2026-08-29T09:35:00,34,4,SYNTHETIC DEMO DATA
2026-08-29T09:40:00,39,5,SYNTHETIC DEMO DATA
2026-08-29T09:45:00,40,6,SYNTHETIC DEMO DATA
2026-08-29T09:50:00,36,4,SYNTHETIC DEMO DATA
2026-08-29T09:55:00,45,6,SYNTHETIC DEMO DATA
2026-08-29T10:00:00,46,6,SYNTHETIC DEMO DATA
2026-08-29T10:05:00,47,3,SYNTHETIC DEMO DATA
2026-08-29T10:10:00,49,3,SYNTHETIC DEMO DATA
2026-08-29T10:15:00,48,5,SYNTHETIC DEMO DATA
2026-08-29T10:20:00,41,2,SYNTHETIC DEMO DATA
2026-08-29T10:25:00,58,5,SYNTHETIC DEMO DATA
2026-08-29T10:30:00,54,6,SYNTHETIC DEMO DATA
2026-08-29T10:35:00,47,4,SYNTHETIC DEMO DATA
2026-08-29T10:40:00,57,7,SYNTHETIC DEMO DATA
2026-08-29T10:45:00,57,6,SYNTHETIC DEMO DATA
2026-08-29T10:50:00,58,7,SYNTHETIC DEMO DATA
2026-08-29T10:55:00,61,5,SYNTHETIC DEMO DATA
2026-08-29T11:00:00,70,8,SYNTHETIC DEMO DATA
2026-08-29T11:05:00,63,9,SYNTHETIC DEMO DATA
2026-08-29T11:10:00,72,6,SYNTHETIC DEMO DATA
2026-08-29T11:15:00,75,9,SYNTHETIC DEMO DATA
2026-08-29T11:20:00,75,4,SYNTHETIC DEMO DATA
2026-08-29T11:25:00,76,8,SYNTHETIC DEMO DATA
2026-08-29T11:30:00,80,9,SYNTHETIC DEMO DATA
2026-08-29T11:35:00,80,8,SYNTHETIC DEMO DATA
2026-08-29T11:40:00,72,5,SYNTHETIC DEMO DATA
2026-08-29T11:45:00,90,11,SYNTHETIC DEMO DATA
2026-08-29T11:50:00,87,9,SYNTHETIC DEMO DATA
2026-08-29T11:55:00,101,14,SYNTHETIC DEMO DATA
2026-08-29T12:00:00,105,15,SYNTHETIC DEMO DATA
2026-08-29T12:05:00,95,7,SYNTHETIC DEMO DATA
2026-08-29T12:10:00,88,7,SYNTHETIC DEMO DATA
2026-08-29T12:15:00,86,11,SYNTHETIC DEMO DATA
2026-08-29T12:20:00,94,5,SYNTHETIC DEMO DATA
2026-08-29T12:25:00,100,9,SYNTHETIC DEMO DATA
2026-08-29T12:30:00,107,8,SYNTHETIC DEMO DATA
2026-08-29T12:35:00,87,8,SYNTHETIC DEMO DATA
2026-08-29T12:40:00,108,7,SYNTHETIC DEMO DATA
2026-08-29T12:45:00,103,6,SYNTHETIC DEMO DATA
2026-08-29T12:50:00,95,12,SYNTHETIC DEMO DATA
2026-08-29T12:55:00,106,11,SYNTHETIC DEMO DATA
2026-08-29T13:00:00,109,14,SYNTHETIC DEMO DATA
2026-08-29T13:05:00,108,16,SYNTHETIC DEMO DATA
2026-08-29T13:10:00,95,7,SYNTHETIC DEMO DATA
2026-08-29T13:15:00,92,13,SYNTHETIC DEMO DATA
2026-08-29T13:20:00,81,10,SYNTHETIC DEMO DATA
2026-08-29T13:25:00,99,6,SYNTHETIC DEMO DATA
2026-08-29T13:30:00,97,12,SYNTHETIC DEMO DATA
2026-08-29T13:35:00,93,11,SYNTHETIC DEMO DATA
2026-08-29T13:40:00,90,11,SYNTHETIC DEMO DATA
2026-08-29T13:45:00,77,11,SYNTHETIC DEMO DATA
2026-08-29T13:50:00,74,10,SYNTHETIC DEMO DATA
2026-08-29T13:55:00,79,10,SYNTHETIC DEMO DATA
2026-08-29T14:00:00,74,7,SYNTHETIC DEMO DATA
2026-08-29T14:05:00,81,7,SYNTHETIC DEMO DATA
2026-08-29T14:10:00,86,8,SYNTHETIC DEMO DATA
2026-08-29T14:15:00,81,5,SYNTHETIC DEMO DATA
2026-08-29T14:20:00,79,5,SYNTHETIC DEMO DATA
2026-08-29T14:25:00,68,10,SYNTHETIC DEMO DATA
2026-08-29T14:30:00,76,9,SYNTHETIC DEMO DATA
2026-08-29T14:35:00,80,5,SYNTHETIC DEMO DATA
2026-08-29T14:40:00,72,4,SYNTHETIC DEMO DATA
2026-08-29T14:45:00,78,7,SYNTHETIC DEMO DATA
2026-08-29T14:50:00,67,8,SYNTHETIC DEMO DATA
2026-08-29T14:55:00,67,6,SYNTHETIC DEMO DATA
2026-08-29T15:00:00,58,7,SYNTHETIC DEMO DATA
2026-08-29T15:05:00,69,9,SYNTHETIC DEMO DATA
2026-08-29T15:10:00,72,4,SYNTHETIC DEMO DATA
2026-08-29T15:15:00,67,7,SYNTHETIC DEMO DATA
2026-08-29T15:20:00,68,10,SYNTHETIC DEMO DATA
2026-08-29T15:25:00,65,8,SYNTHETIC DEMO DATA
2026-08-29T15:30:00,74,4,SYNTHETIC DEMO DATA
2026-08-29T15:35:00,63,7,SYNTHETIC DEMO DATA
2026-08-29T15:40:00,74,7,SYNTHETIC DEMO DATA
2026-08-29T15:45:00,68,6,SYNTHETIC DEMO DATA
2026-08-29T15:50:00,72,8,SYNTHETIC DEMO DATA
2026-08-29T15:55:00,78,10,SYNTHETIC DEMO DATA
2026-08-29T16:00:00,70,8,SYNTHETIC DEMO DATA
2026-08-29T16:05:00,76,9,SYNTHETIC DEMO DATA
2026-08-29T16:10:00,94,12,SYNTHETIC DEMO DATA
2026-08-29T16:15:00,86,9,SYNTHETIC DEMO DATA
2026-08-29T16:20:00,86,8,SYNTHETIC DEMO DATA
2026-08-29T16:25:00,79,9,SYNTHETIC DEMO DATA
2026-08-29T16:30:00,90,8,SYNTHETIC DEMO DATA
2026-08-29T16:35:00,95,10,SYNTHETIC DEMO DATA
2026-08-29T16:40:00,105,5,SYNTHETIC DEMO DATA
2026-08-29T16:45:00,85,13,SYNTHETIC DEMO DATA
2026-08-29T16:50:00,100,6,SYNTHETIC DEMO DATA
2026-08-29T16:55:00,82,7,SYNTHETIC DEMO DATA
2026-08-29T17:00:00,94,6,SYNTHETIC DEMO DATA
2026-08-29T17:05:00,110,13,SYNTHETIC DEMO DATA
2026-08-29T17:10:00,100,8,SYNTHETIC DEMO DATA
2026-08-29T17:15:00,119,10,SYNTHETIC DEMO DATA
2026-08-29T17:20:00,110,9,SYNTHETIC DEMO DATA
2026-08-29T17:25:00,116,15,SYNTHETIC DEMO DATA
2026-08-29T17:30:00,124,18,SYNTHETIC DEMO DATA
2026-08-29T17:35:00,113,14,SYNTHETIC DEMO DATA
2026-08-29T17:40:00,106,13,SYNTHETIC DEMO DATA
2026-08-29T17:45:00,102,10,SYNTHETIC DEMO DATA
2026-08-29T17:50:00,88,10,SYNTHETIC DEMO DATA
2026-08-29T17:55:00,108,15,SYNTHETIC DEMO DATA
2026-08-29T18:00:00,101,6,SYNTHETIC DEMO DATA
2026-08-29T18:05:00,96,14,SYNTHETIC DEMO DATA
2026-08-29T18:10:00,124,15,SYNTHETIC DEMO DATA
2026-08-29T18:15:00,118,11,SYNTHETIC DEMO DATA
2026-08-29T18:20:00,112,16,SYNTHETIC DEMO DATA
2026-08-29T18:25:00,111,6,SYNTHETIC DEMO DATA
2026-08-29T18:30:00,100,13,SYNTHETIC DEMO DATA
2026-08-29T18:35:00,91,5,SYNTHETIC DEMO DATA
2026-08-29T18:40:00,99,9,SYNTHETIC DEMO DATA
2026-08-29T18:45:00,97,12,SYNTHETIC DEMO DATA
2026-08-29T18:50:00,86,10,SYNTHETIC DEMO DATA
2026-08-29T18:55:00,96,13,SYNTHETIC DEMO DATA
2026-08-29T19:00:00,84,4,SYNTHETIC DEMO DATA
2026-08-29T19:05:00,101,12,SYNTHETIC DEMO DATA
2026-08-29T19:10:00,80,8,SYNTHETIC DEMO DATA
2026-08-29T19:15:00,86,9,SYNTHETIC DEMO DATA
2026-08-29T19:20:00,77,11,SYNTHETIC DEMO DATA
2026-08-29T19:25:00,79,5,SYNTHETIC DEMO DATA
2026-08-29T19:30:00,69,10,SYNTHETIC DEMO DATA
2026-08-29T19:35:00,79,4,SYNTHETIC DEMO DATA
2026-08-29T19:40:00,66,6,SYNTHETIC DEMO DATA
2026-08-29T19:45:00,71,4,SYNTHETIC DEMO DATA
2026-08-29T19:50:00,64,6,SYNTHETIC DEMO DATA
2026-08-29T19:55:00,59,8,SYNTHETIC DEMO DATA
2026-08-29T20:00:00,57,5,SYNTHETIC DEMO DATA
2026-08-29T20:05:00,56,3,SYNTHETIC DEMO DATA
2026-08-29T20:10:00,50,6,SYNTHETIC DEMO DATA
2026-08-29T20:15:00,52,3,SYNTHETIC DEMO DATA
2026-08-29T20:20:00,46,4,SYNTHETIC DEMO DATA
2026-08-29T20:25:00,46,4,SYNTHETIC DEMO DATA
2026-08-29T20:30:00,31,4,SYNTHETIC DEMO DATA
2026-08-29T20:35:00,36,4,SYNTHETIC DEMO DATA
2026-08-29T20:40:00,35,4,SYNTHETIC DEMO DATA
2026-08-29T20:45:00,38,5,SYNTHETIC DEMO DATA
2026-08-29T20:50:00,30,4,SYNTHETIC DEMO DATA
2026-08-29T20:55:00,27,2,SYNTHETIC DEMO DATA
2026-08-29T21:00:00,29,3,SYNTHETIC DEMO DATA
2026-08-29T21:05:00,25,3,SYNTHETIC DEMO DATA
2026-08-29T21:10:00,25,3,SYNTHETIC DEMO DATA
2026-08-29T21:15:00,20,2,SYNTHETIC DEMO DATA
2026-08-29T21:20:00,26,3,SYNTHETIC DEMO DATA
2026-08-29T21:25:00,24,2,SYNTHETIC DEMO DATA
2026-08-29T21:30:00,24,3,SYNTHETIC DEMO DATA
2026-08-29T21:35:00,25,2,SYNTHETIC DEMO DATA
2026-08-29T21:40:00,27,4,SYNTHETIC DEMO DATA
2026-08-29T21:45:00,26,2,SYNTHETIC DEMO DATA
2026-08-29T21:50:00,25,4,SYNTHETIC DEMO DATA
2026-08-29T21:55:00,29,3,SYNTHETIC DEMO DATA
2026-08-30T08:00:00,15,2,SYNTHETIC DEMO DATA
2026-08-30T08:05:00,15,1,SYNTHETIC DEMO DATA
2026-08-30T08:10:00,16,2,SYNTHETIC DEMO DATA
2026-08-30T08:15:00,18,1,SYNTHETIC DEMO DATA
2026-08-30T08:20:00,18,2,SYNTHETIC DEMO DATA
2026-08-30T08:25:00,20,2,SYNTHETIC DEMO DATA
2026-08-30T08:30:00,20,3,SYNTHETIC DEMO DATA
2026-08-30T08:35:00,20,3,SYNTHETIC DEMO DATA
2026-08-30T08:40:00,21,3,SYNTHETIC DEMO DATA
2026-08-30T08:45:00,23,3,SYNTHETIC DEMO DATA
2026-08-30T08:50:00,23,1,SYNTHETIC DEMO DATA
2026-08-30T08:55:00,23,1,SYNTHETIC DEMO DATA
2026-08-30T09:00:00,24,1,SYNTHETIC DEMO DATA
2026-08-30T09:05:00,26,3,SYNTHETIC DEMO DATA
2026-08-30T09:10:00,28,2,SYNTHETIC DEMO DATA
2026-08-30T09:15:00,33,4,SYNTHETIC DEMO DATA
2026-08-30T09:20:00,34,2,SYNTHETIC DEMO DATA
2026-08-30T09:25:00,31,2,SYNTHETIC DEMO DATA
2026-08-30T09:30:00,38,4,SYNTHETIC DEMO DATA
2026-08-30T09:35:00,39,3,SYNTHETIC DEMO DATA
2026-08-30T09:40:00,38,2,SYNTHETIC DEMO DATA
2026-08-30T09:45:00,36,2,SYNTHETIC DEMO DATA
2026-08-30T09:50:00,39,4,SYNTHETIC DEMO DATA
2026-08-30T09:55:00,40,4,SYNTHETIC DEMO DATA
2026-08-30T10:00:00,48,7,SYNTHETIC DEMO DATA
2026-08-30T10:05:00,43,5,SYNTHETIC DEMO DATA
2026-08-30T10:10:00,45,3,SYNTHETIC DEMO DATA
2026-08-30T10:15:00,50,3,SYNTHETIC DEMO DATA
2026-08-30T10:20:00,50,7,SYNTHETIC DEMO DATA
2026-08-30T10:25:00,50,3,SYNTHETIC DEMO DATA
2026-08-30T10:30:00,51,6,SYNTHETIC DEMO DATA
2026-08-30T10:35:00,49,6,SYNTHETIC DEMO DATA
2026-08-30T10:40:00,54,5,SYNTHETIC DEMO DATA
2026-08-30T10:45:00,65,8,SYNTHETIC DEMO DATA
2026-08-30T10:50:00,50,4,SYNTHETIC DEMO DATA
2026-08-30T10:55:00,59,4,SYNTHETIC DEMO DATA
2026-08-30T11:00:00,64,5,SYNTHETIC DEMO DATA
2026-08-30T11:05:00,48,7,SYNTHETIC DEMO DATA
2026-08-30T11:10:00,65,7,SYNTHETIC DEMO DATA
2026-08-30T11:15:00,72,6,SYNTHETIC DEMO DATA
2026-08-30T11:20:00,68,8,SYNTHETIC DEMO DATA
2026-08-30T11:25:00,75,10,SYNTHETIC DEMO DATA
2026-08-30T11:30:00,69,5,SYNTHETIC DEMO DATA
2026-08-30T11:35:00,67,5,SYNTHETIC DEMO DATA
2026-08-30T11:40:00,86,9,SYNTHETIC DEMO DATA
2026-08-30T11:45:00,94,12,SYNTHETIC DEMO DATA
2026-08-30T11:50:00,78,11,SYNTHETIC DEMO DATA
2026-08-30T11:55:00,90,11,SYNTHETIC DEMO DATA
2026-08-30T12:00:00,83,6,SYNTHETIC DEMO DATA
2026-08-30T12:05:00,83,8,SYNTHETIC DEMO DATA
2026-08-30T12:10:00,86,9,SYNTHETIC DEMO DATA
2026-08-30T12:15:00,110,6,SYNTHETIC DEMO DATA
2026-08-30T12:20:00,84,5,SYNTHETIC DEMO DATA
2026-08-30T12:25:00,97,12,SYNTHETIC DEMO DATA
2026-08-30T12:30:00,108,14,SYNTHETIC DEMO DATA
2026-08-30T12:35:00,88,8,SYNTHETIC DEMO DATA
2026-08-30T12:40:00,101,14,SYNTHETIC DEMO DATA
2026-08-30T12:45:00,84,7,SYNTHETIC DEMO DATA
2026-08-30T12:50:00,97,10,SYNTHETIC DEMO DATA
2026-08-30T12:55:00,112,11,SYNTHETIC DEMO DATA
2026-08-30T13:00:00,96,10,SYNTHETIC DEMO DATA
2026-08-30T13:05:00,115,9,SYNTHETIC DEMO DATA
2026-08-30T13:10:00,95,9,SYNTHETIC DEMO DATA
2026-08-30T13:15:00,94,12,SYNTHETIC DEMO DATA
2026-08-30T13:20:00,95,10,SYNTHETIC DEMO DATA
2026-08-30T13:25:00,92,13,SYNTHETIC DEMO DATA
2026-08-30T13:30:00,97,10,SYNTHETIC DEMO DATA
2026-08-30T13:35:00,86,5,SYNTHETIC DEMO DATA
2026-08-30T13:40:00,87,11,SYNTHETIC DEMO DATA
2026-08-30T13:45:00,78,10,SYNTHETIC DEMO DATA
2026-08-30T13:50:00,75,10,SYNTHETIC DEMO DATA
2026-08-30T13:55:00,83,11,SYNTHETIC DEMO DATA
2026-08-30T14:00:00,68,9,SYNTHETIC DEMO DATA
2026-08-30T14:05:00,75,9,SYNTHETIC DEMO DATA
2026-08-30T14:10:00,73,5,SYNTHETIC DEMO DATA
2026-08-30T14:15:00,84,4,SYNTHETIC DEMO DATA
2026-08-30T14:20:00,78,5,SYNTHETIC DEMO DATA
2026-08-30T14:25:00,75,6,SYNTHETIC DEMO DATA
2026-08-30T14:30:00,77,5,SYNTHETIC DEMO DATA
2026-08-30T14:35:00,69,6,SYNTHETIC DEMO DATA
2026-08-30T14:40:00,78,8,SYNTHETIC DEMO DATA
2026-08-30T14:45:00,75,11,SYNTHETIC DEMO DATA
2026-08-30T14:50:00,77,5,SYNTHETIC DEMO DATA
2026-08-30T14:55:00,62,7,SYNTHETIC DEMO DATA
2026-08-30T15:00:00,69,7,SYNTHETIC DEMO DATA
2026-08-30T15:05:00,71,6,SYNTHETIC DEMO DATA
2026-08-30T15:10:00,75,10,SYNTHETIC DEMO DATA
2026-08-30T15:15:00,77,5,SYNTHETIC DEMO DATA
2026-08-30T15:20:00,67,8,SYNTHETIC DEMO DATA
2026-08-30T15:25:00,72,9,SYNTHETIC DEMO DATA
2026-08-30T15:30:00,73,8,SYNTHETIC DEMO DATA
2026-08-30T15:35:00,78,6,SYNTHETIC DEMO DATA
2026-08-30T15:40:00,69,7,SYNTHETIC DEMO DATA
2026-08-30T15:45:00,65,5,SYNTHETIC DEMO DATA
2026-08-30T15:50:00,69,7,SYNTHETIC DEMO DATA
2026-08-30T15:55:00,69,10,SYNTHETIC DEMO DATA
2026-08-30T16:00:00,81,9,SYNTHETIC DEMO DATA
2026-08-30T16:05:00,75,5,SYNTHETIC DEMO DATA
2026-08-30T16:10:00,86,11,SYNTHETIC DEMO DATA
2026-08-30T16:15:00,80,8,SYNTHETIC DEMO DATA
2026-08-30T16:20:00,93,11,SYNTHETIC DEMO DATA
2026-08-30T16:25:00,83,7,SYNTHETIC DEMO DATA
2026-08-30T16:30:00,94,12,SYNTHETIC DEMO DATA
2026-08-30T16:35:00,84,7,SYNTHETIC DEMO DATA
2026-08-30T16:40:00,85,10,SYNTHETIC DEMO DATA
2026-08-30T16:45:00,88,12,SYNTHETIC DEMO DATA
2026-08-30T16:50:00,107,13,SYNTHETIC DEMO DATA
2026-08-30T16:55:00,115,11,SYNTHETIC DEMO DATA
2026-08-30T17:00:00,115,16,SYNTHETIC DEMO DATA
2026-08-30T17:05:00,98,13,SYNTHETIC DEMO DATA
2026-08-30T17:10:00,104,8,SYNTHETIC DEMO DATA
2026-08-30T17:15:00,109,15,SYNTHETIC DEMO DATA
2026-08-30T17:20:00,115,6,SYNTHETIC DEMO DATA
2026-08-30T17:25:00,106,8,SYNTHETIC DEMO DATA
2026-08-30T17:30:00,118,14,SYNTHETIC DEMO DATA
2026-08-30T17:35:00,108,7,SYNTHETIC DEMO DATA
2026-08-30T17:40:00,103,15,SYNTHETIC DEMO DATA
2026-08-30T17:45:00,117,9,SYNTHETIC DEMO DATA
2026-08-30T17:50:00,124,18,SYNTHETIC DEMO DATA
2026-08-30T17:55:00,114,9,SYNTHETIC DEMO DATA
2026-08-30T18:00:00,120,10,SYNTHETIC DEMO DATA
2026-08-30T18:05:00,107,6,SYNTHETIC DEMO DATA
2026-08-30T18:10:00,102,6,SYNTHETIC DEMO DATA
2026-08-30T18:15:00,104,6,SYNTHETIC DEMO DATA
2026-08-30T18:20:00,105,7,SYNTHETIC DEMO DATA
2026-08-30T18:25:00,102,14,SYNTHETIC DEMO DATA
2026-08-30T18:30:00,109,7,SYNTHETIC DEMO DATA
2026-08-30T18:35:00,107,10,SYNTHETIC DEMO DATA
2026-08-30T18:40:00,89,7,SYNTHETIC DEMO DATA
2026-08-30T18:45:00,85,7,SYNTHETIC DEMO DATA
2026-08-30T18:50:00,96,14,SYNTHETIC DEMO DATA
2026-08-30T18:55:00,74,11,SYNTHETIC DEMO DATA
2026-08-30T19:00:00,72,7,SYNTHETIC DEMO DATA
2026-08-30T19:05:00,90,9,SYNTHETIC DEMO DATA
2026-08-30T19:10:00,82,6,SYNTHETIC DEMO DATA
2026-08-30T19:15:00,84,10,SYNTHETIC DEMO DATA
2026-08-30T19:20:00,79,10,SYNTHETIC DEMO DATA
2026-08-30T19:25:00,84,13,SYNTHETIC DEMO DATA
2026-08-30T19:30:00,63,4,SYNTHETIC DEMO DATA
2026-08-30T19:35:00,72,7,SYNTHETIC DEMO DATA
2026-08-30T19:40:00,74,9,SYNTHETIC DEMO DATA
2026-08-30T19:45:00,62,7,SYNTHETIC DEMO DATA
2026-08-30T19:50:00,72,4,SYNTHETIC DEMO DATA
2026-08-30T19:55:00,65,3,SYNTHETIC DEMO DATA
2026-08-30T20:00:00,52,7,SYNTHETIC DEMO DATA
2026-08-30T20:05:00,57,3,SYNTHETIC DEMO DATA
2026-08-30T20:10:00,53,4,SYNTHETIC DEMO DATA
2026-08-30T20:15:00,54,8,SYNTHETIC DEMO DATA
2026-08-30T20:20:00,37,4,SYNTHETIC DEMO DATA
2026-08-30T20:25:00,42,5,SYNTHETIC DEMO DATA
2026-08-30T20:30:00,48,4,SYNTHETIC DEMO DATA
2026-08-30T20:35:00,37,5,SYNTHETIC DEMO DATA
2026-08-30T20:40:00,41,4,SYNTHETIC DEMO DATA
2026-08-30T20:45:00,35,2,SYNTHETIC DEMO DATA
2026-08-30T20:50:00,32,3,SYNTHETIC DEMO DATA
2026-08-30T20:55:00,28,3,SYNTHETIC DEMO DATA
2026-08-30T21:00:00,27,1,SYNTHETIC DEMO DATA
2026-08-30T21:05:00,26,3,SYNTHETIC DEMO DATA
2026-08-30T21:10:00,26,3,SYNTHETIC DEMO DATA
2026-08-30T21:15:00,25,3,SYNTHETIC DEMO DATA
2026-08-30T21:20:00,21,3,SYNTHETIC DEMO DATA
2026-08-30T21:25:00,26,2,SYNTHETIC DEMO DATA
2026-08-30T21:30:00,27,2,SYNTHETIC DEMO DATA
2026-08-30T21:35:00,27,4,SYNTHETIC DEMO DATA
2026-08-30T21:40:00,28,3,SYNTHETIC DEMO DATA
2026-08-30T21:45:00,24,1,SYNTHETIC DEMO DATA
2026-08-30T21:50:00,26,3,SYNTHETIC DEMO DATA
2026-08-30T21:55:00,25,3,SYNTHETIC DEMO DATA
2026-08-31T08:00:00,13,2,SYNTHETIC DEMO DATA
2026-08-31T08:05:00,13,2,SYNTHETIC DEMO DATA
2026-08-31T08:10:00,12,1,SYNTHETIC DEMO DATA
2026-08-31T08:15:00,14,1,SYNTHETIC DEMO DATA
2026-08-31T08:20:00,15,1,SYNTHETIC DEMO DATA
2026-08-31T08:25:00,16,2,SYNTHETIC DEMO DATA
2026-08-31T08:30:00,13,2,SYNTHETIC DEMO DATA
2026-08-31T08:35:00,17,1,SYNTHETIC DEMO DATA
2026-08-31T08:40:00,15,1,SYNTHETIC DEMO DATA
2026-08-31T08:45:00,17,1,SYNTHETIC DEMO DATA
2026-08-31T08:50:00,17,1,SYNTHETIC DEMO DATA
2026-08-31T08:55:00,18,2,SYNTHETIC DEMO DATA
2026-08-31T09:00:00,21,1,SYNTHETIC DEMO DATA
2026-08-31T09:05:00,22,2,SYNTHETIC DEMO DATA
2026-08-31T09:10:00,20,2,SYNTHETIC DEMO DATA
2026-08-31T09:15:00,21,3,SYNTHETIC DEMO DATA
2026-08-31T09:20:00,26,2,SYNTHETIC DEMO DATA
2026-08-31T09:25:00,26,3,SYNTHETIC DEMO DATA
2026-08-31T09:30:00,29,1,SYNTHETIC DEMO DATA
2026-08-31T09:35:00,29,4,SYNTHETIC DEMO DATA
2026-08-31T09:40:00,29,3,SYNTHETIC DEMO DATA
2026-08-31T09:45:00,31,2,SYNTHETIC DEMO DATA
2026-08-31T09:50:00,28,3,SYNTHETIC DEMO DATA
2026-08-31T09:55:00,30,2,SYNTHETIC DEMO DATA
2026-08-31T10:00:00,39,2,SYNTHETIC DEMO DATA
2026-08-31T10:05:00,35,3,SYNTHETIC DEMO DATA
2026-08-31T10:10:00,41,5,SYNTHETIC DEMO DATA
2026-08-31T10:15:00,39,4,SYNTHETIC DEMO DATA
2026-08-31T10:20:00,38,5,SYNTHETIC DEMO DATA
2026-08-31T10:25:00,38,3,SYNTHETIC DEMO DATA
2026-08-31T10:30:00,41,6,SYNTHETIC DEMO DATA
2026-08-31T10:35:00,41,4,SYNTHETIC DEMO DATA
2026-08-31T10:40:00,44,4,SYNTHETIC DEMO DATA
2026-08-31T10:45:00,45,4,SYNTHETIC DEMO DATA
2026-08-31T10:50:00,49,7,SYNTHETIC DEMO DATA
2026-08-31T10:55:00,45,4,SYNTHETIC DEMO DATA
2026-08-31T11:00:00,46,3,SYNTHETIC DEMO DATA
2026-08-31T11:05:00,48,3,SYNTHETIC DEMO DATA
2026-08-31T11:10:00,51,5,SYNTHETIC DEMO DATA
2026-08-31T11:15:00,58,4,SYNTHETIC DEMO DATA
2026-08-31T11:20:00,59,5,SYNTHETIC DEMO DATA
2026-08-31T11:25:00,58,9,SYNTHETIC DEMO DATA
2026-08-31T11:30:00,63,8,SYNTHETIC DEMO DATA
2026-08-31T11:35:00,71,6,SYNTHETIC DEMO DATA
2026-08-31T11:40:00,79,6,SYNTHETIC DEMO DATA
2026-08-31T11:45:00,73,7,SYNTHETIC DEMO DATA
2026-08-31T11:50:00,80,6,SYNTHETIC DEMO DATA
2026-08-31T11:55:00,80,6,SYNTHETIC DEMO DATA
2026-08-31T12:00:00,72,10,SYNTHETIC DEMO DATA
2026-08-31T12:05:00,87,12,SYNTHETIC DEMO DATA
2026-08-31T12:10:00,84,12,SYNTHETIC DEMO DATA
2026-08-31T12:15:00,83,10,SYNTHETIC DEMO DATA
2026-08-31T12:20:00,82,12,SYNTHETIC DEMO DATA
2026-08-31T12:25:00,73,7,SYNTHETIC DEMO DATA
2026-08-31T12:30:00,84,12,SYNTHETIC DEMO DATA
2026-08-31T12:35:00,73,7,SYNTHETIC DEMO DATA
2026-08-31T12:40:00,66,9,SYNTHETIC DEMO DATA
2026-08-31T12:45:00,78,11,SYNTHETIC DEMO DATA
2026-08-31T12:50:00,87,8,SYNTHETIC DEMO DATA
2026-08-31T12:55:00,77,9,SYNTHETIC DEMO DATA
2026-08-31T13:00:00,83,7,SYNTHETIC DEMO DATA
2026-08-31T13:05:00,78,10,SYNTHETIC DEMO DATA
2026-08-31T13:10:00,69,10,SYNTHETIC DEMO DATA
2026-08-31T13:15:00,80,6,SYNTHETIC DEMO DATA
2026-08-31T13:20:00,80,6,SYNTHETIC DEMO DATA
2026-08-31T13:25:00,77,8,SYNTHETIC DEMO DATA
2026-08-31T13:30:00,61,4,SYNTHETIC DEMO DATA
2026-08-31T13:35:00,68,7,SYNTHETIC DEMO DATA
2026-08-31T13:40:00,73,8,SYNTHETIC DEMO DATA
2026-08-31T13:45:00,70,10,SYNTHETIC DEMO DATA
2026-08-31T13:50:00,74,6,SYNTHETIC DEMO DATA
2026-08-31T13:55:00,72,8,SYNTHETIC DEMO DATA
2026-08-31T14:00:00,62,9,SYNTHETIC DEMO DATA
2026-08-31T14:05:00,64,9,SYNTHETIC DEMO DATA
2026-08-31T14:10:00,69,4,SYNTHETIC DEMO DATA
2026-08-31T14:15:00,62,6,SYNTHETIC DEMO DATA
2026-08-31T14:20:00,60,7,SYNTHETIC DEMO DATA
2026-08-31T14:25:00,66,6,SYNTHETIC DEMO DATA
2026-08-31T14:30:00,65,6,SYNTHETIC DEMO DATA
2026-08-31T14:35:00,62,6,SYNTHETIC DEMO DATA
2026-08-31T14:40:00,46,6,SYNTHETIC DEMO DATA
2026-08-31T14:45:00,51,7,SYNTHETIC DEMO DATA
2026-08-31T14:50:00,58,9,SYNTHETIC DEMO DATA
2026-08-31T14:55:00,57,7,SYNTHETIC DEMO DATA
2026-08-31T15:00:00,61,9,SYNTHETIC DEMO DATA
2026-08-31T15:05:00,54,4,SYNTHETIC DEMO DATA
2026-08-31T15:10:00,67,9,SYNTHETIC DEMO DATA
2026-08-31T15:15:00,53,3,SYNTHETIC DEMO DATA
2026-08-31T15:20:00,50,7,SYNTHETIC DEMO DATA
2026-08-31T15:25:00,64,10,SYNTHETIC DEMO DATA
2026-08-31T15:30:00,59,3,SYNTHETIC DEMO DATA
2026-08-31T15:35:00,61,8,SYNTHETIC DEMO DATA
2026-08-31T15:40:00,53,6,SYNTHETIC DEMO DATA
2026-08-31T15:45:00,60,8,SYNTHETIC DEMO DATA
2026-08-31T15:50:00,62,7,SYNTHETIC DEMO DATA
2026-08-31T15:55:00,62,4,SYNTHETIC DEMO DATA
2026-08-31T16:00:00,61,3,SYNTHETIC DEMO DATA
2026-08-31T16:05:00,57,6,SYNTHETIC DEMO DATA
2026-08-31T16:10:00,64,9,SYNTHETIC DEMO DATA
2026-08-31T16:15:00,66,9,SYNTHETIC DEMO DATA
2026-08-31T16:20:00,70,8,SYNTHETIC DEMO DATA
2026-08-31T16:25:00,67,4,SYNTHETIC DEMO DATA
2026-08-31T16:30:00,74,10,SYNTHETIC DEMO DATA
2026-08-31T16:35:00,74,6,SYNTHETIC DEMO DATA
2026-08-31T16:40:00,84,11,SYNTHETIC DEMO DATA
2026-08-31T16:45:00,63,6,SYNTHETIC DEMO DATA
2026-08-31T16:50:00,79,8,SYNTHETIC DEMO DATA
2026-08-31T16:55:00,80,7,SYNTHETIC DEMO DATA
2026-08-31T17:00:00,90,13,SYNTHETIC DEMO DATA
2026-08-31T17:05:00,83,9,SYNTHETIC DEMO DATA
2026-08-31T17:10:00,95,12,SYNTHETIC DEMO DATA
2026-08-31T17:15:00,76,10,SYNTHETIC DEMO DATA
2026-08-31T17:20:00,95,5,SYNTHETIC DEMO DATA
2026-08-31T17:25:00,88,5,SYNTHETIC DEMO DATA
2026-08-31T17:30:00,71,4,SYNTHETIC DEMO DATA
2026-08-31T17:35:00,88,7,SYNTHETIC DEMO DATA
2026-08-31T17:40:00,89,5,SYNTHETIC DEMO DATA
2026-08-31T17:45:00,103,6,SYNTHETIC DEMO DATA
2026-08-31T17:50:00,88,11,SYNTHETIC DEMO DATA
2026-08-31T17:55:00,99,11,SYNTHETIC DEMO DATA
2026-08-31T18:00:00,105,8,SYNTHETIC DEMO DATA
2026-08-31T18:05:00,88,8,SYNTHETIC DEMO DATA
2026-08-31T18:10:00,77,9,SYNTHETIC DEMO DATA
2026-08-31T18:15:00,89,12,SYNTHETIC DEMO DATA
2026-08-31T18:20:00,78,9,SYNTHETIC DEMO DATA
2026-08-31T18:25:00,87,8,SYNTHETIC DEMO DATA
2026-08-31T18:30:00,90,13,SYNTHETIC DEMO DATA
2026-08-31T18:35:00,69,8,SYNTHETIC DEMO DATA
2026-08-31T18:40:00,80,10,SYNTHETIC DEMO DATA
2026-08-31T18:45:00,64,5,SYNTHETIC DEMO DATA
2026-08-31T18:50:00,68,6,SYNTHETIC DEMO DATA
2026-08-31T18:55:00,76,8,SYNTHETIC DEMO DATA
2026-08-31T19:00:00,68,7,SYNTHETIC DEMO DATA
2026-08-31T19:05:00,74,4,SYNTHETIC DEMO DATA
2026-08-31T19:10:00,69,10,SYNTHETIC DEMO DATA
2026-08-31T19:15:00,69,8,SYNTHETIC DEMO DATA
2026-08-31T19:20:00,62,7,SYNTHETIC DEMO DATA
2026-08-31T19:25:00,67,7,SYNTHETIC DEMO DATA
2026-08-31T19:30:00,59,4,SYNTHETIC DEMO DATA
2026-08-31T19:35:00,58,6,SYNTHETIC DEMO DATA
2026-08-31T19:40:00,56,4,SYNTHETIC DEMO DATA
2026-08-31T19:45:00,52,4,SYNTHETIC DEMO DATA
2026-08-31T19:50:00,54,6,SYNTHETIC DEMO DATA
2026-08-31T19:55:00,42,6,SYNTHETIC DEMO DATA
2026-08-31T20:00:00,47,5,SYNTHETIC DEMO DATA
2026-08-31T20:05:00,42,2,SYNTHETIC DEMO DATA
2026-08-31T20:10:00,35,2,SYNTHETIC DEMO DATA
2026-08-31T20:15:00,40,6,SYNTHETIC DEMO DATA
2026-08-31T20:20:00,36,4,SYNTHETIC DEMO DATA
2026-08-31T20:25:00,34,5,SYNTHETIC DEMO DATA
2026-08-31T20:30:00,32,3,SYNTHETIC DEMO DATA
2026-08-31T20:35:00,35,5,SYNTHETIC DEMO DATA
2026-08-31T20:40:00,26,3,SYNTHETIC DEMO DATA
2026-08-31T20:45:00,26,2,SYNTHETIC DEMO DATA
2026-08-31T20:50:00,24,3,SYNTHETIC DEMO DATA
2026-08-31T20:55:00,20,2,SYNTHETIC DEMO DATA
2026-08-31T21:00:00,20,2,SYNTHETIC DEMO DATA
2026-08-31T21:05:00,22,2,SYNTHETIC DEMO DATA
2026-08-31T21:10:00,21,2,SYNTHETIC DEMO DATA
2026-08-31T21:15:00,20,2,SYNTHETIC DEMO DATA
2026-08-31T21:20:00,18,2,SYNTHETIC DEMO DATA
2026-08-31T21:25:00,22,3,SYNTHETIC DEMO DATA
2026-08-31T21:30:00,19,2,SYNTHETIC DEMO DATA
2026-08-31T21:35:00,18,3,SYNTHETIC DEMO DATA
2026-08-31T21:40:00,21,2,SYNTHETIC DEMO DATA
2026-08-31T21:45:00,18,2,SYNTHETIC DEMO DATA
2026-08-31T21:50:00,18,2,SYNTHETIC DEMO DATA
2026-08-31T21:55:00,20,1,SYNTHETIC DEMO DATA
2026-09-01T08:00:00,10,1,SYNTHETIC DEMO DATA
2026-09-01T08:05:00,13,1,SYNTHETIC DEMO DATA
2026-09-01T08:10:00,13,2,SYNTHETIC DEMO DATA
2026-09-01T08:15:00,14,2,SYNTHETIC DEMO DATA
2026-09-01T08:20:00,16,1,SYNTHETIC DEMO DATA
2026-09-01T08:25:00,16,2,SYNTHETIC DEMO DATA
2026-09-01T08:30:00,14,2,SYNTHETIC DEMO DATA
2026-09-01T08:35:00,16,2,SYNTHETIC DEMO DATA
2026-09-01T08:40:00,19,2,SYNTHETIC DEMO DATA
2026-09-01T08:45:00,18,1,SYNTHETIC DEMO DATA
2026-09-01T08:50:00,19,2,SYNTHETIC DEMO DATA
2026-09-01T08:55:00,21,2,SYNTHETIC DEMO DATA
2026-09-01T09:00:00,19,2,SYNTHETIC DEMO DATA
2026-09-01T09:05:00,20,2,SYNTHETIC DEMO DATA
2026-09-01T09:10:00,19,1,SYNTHETIC DEMO DATA
2026-09-01T09:15:00,23,2,SYNTHETIC DEMO DATA
2026-09-01T09:20:00,25,1,SYNTHETIC DEMO DATA
2026-09-01T09:25:00,25,3,SYNTHETIC DEMO DATA
2026-09-01T09:30:00,29,4,SYNTHETIC DEMO DATA
2026-09-01T09:35:00,31,2,SYNTHETIC DEMO DATA
2026-09-01T09:40:00,31,4,SYNTHETIC DEMO DATA
2026-09-01T09:45:00,32,2,SYNTHETIC DEMO DATA
2026-09-01T09:50:00,34,4,SYNTHETIC DEMO DATA
2026-09-01T09:55:00,34,5,SYNTHETIC DEMO DATA
2026-09-01T10:00:00,36,5,SYNTHETIC DEMO DATA
2026-09-01T10:05:00,34,5,SYNTHETIC DEMO DATA
2026-09-01T10:10:00,39,5,SYNTHETIC DEMO DATA
2026-09-01T10:15:00,40,3,SYNTHETIC DEMO DATA
2026-09-01T10:20:00,43,4,SYNTHETIC DEMO DATA
2026-09-01T10:25:00,42,3,SYNTHETIC DEMO DATA
2026-09-01T10:30:00,40,3,SYNTHETIC DEMO DATA
2026-09-01T10:35:00,43,3,SYNTHETIC DEMO DATA
2026-09-01T10:40:00,47,4,SYNTHETIC DEMO DATA
2026-09-01T10:45:00,49,4,SYNTHETIC DEMO DATA
2026-09-01T10:50:00,44,3,SYNTHETIC DEMO DATA
2026-09-01T10:55:00,51,5,SYNTHETIC DEMO DATA
2026-09-01T11:00:00,53,3,SYNTHETIC DEMO DATA
2026-09-01T11:05:00,51,5,SYNTHETIC DEMO DATA
2026-09-01T11:10:00,49,6,SYNTHETIC DEMO DATA
2026-09-01T11:15:00,54,5,SYNTHETIC DEMO DATA
2026-09-01T11:20:00,64,5,SYNTHETIC DEMO DATA
2026-09-01T11:25:00,57,8,SYNTHETIC DEMO DATA
2026-09-01T11:30:00,73,7,SYNTHETIC DEMO DATA
2026-09-01T11:35:00,61,8,SYNTHETIC DEMO DATA
2026-09-01T11:40:00,65,9,SYNTHETIC DEMO DATA
2026-09-01T11:45:00,66,8,SYNTHETIC DEMO DATA
2026-09-01T11:50:00,63,8,SYNTHETIC DEMO DATA
2026-09-01T11:55:00,69,6,SYNTHETIC DEMO DATA
2026-09-01T12:00:00,75,8,SYNTHETIC DEMO DATA
2026-09-01T12:05:00,82,5,SYNTHETIC DEMO DATA
2026-09-01T12:10:00,81,4,SYNTHETIC DEMO DATA
2026-09-01T12:15:00,74,5,SYNTHETIC DEMO DATA
2026-09-01T12:20:00,71,4,SYNTHETIC DEMO DATA
2026-09-01T12:25:00,72,10,SYNTHETIC DEMO DATA
2026-09-01T12:30:00,77,10,SYNTHETIC DEMO DATA
2026-09-01T12:35:00,75,11,SYNTHETIC DEMO DATA
2026-09-01T12:40:00,76,9,SYNTHETIC DEMO DATA
2026-09-01T12:45:00,85,6,SYNTHETIC DEMO DATA
2026-09-01T12:50:00,83,10,SYNTHETIC DEMO DATA
2026-09-01T12:55:00,90,9,SYNTHETIC DEMO DATA
2026-09-01T13:00:00,85,7,SYNTHETIC DEMO DATA
2026-09-01T13:05:00,85,5,SYNTHETIC DEMO DATA
2026-09-01T13:10:00,84,8,SYNTHETIC DEMO DATA
2026-09-01T13:15:00,75,8,SYNTHETIC DEMO DATA
2026-09-01T13:20:00,82,4,SYNTHETIC DEMO DATA
2026-09-01T13:25:00,63,8,SYNTHETIC DEMO DATA
2026-09-01T13:30:00,81,12,SYNTHETIC DEMO DATA
2026-09-01T13:35:00,71,10,SYNTHETIC DEMO DATA
2026-09-01T13:40:00,73,4,SYNTHETIC DEMO DATA
2026-09-01T13:45:00,62,8,SYNTHETIC DEMO DATA
2026-09-01T13:50:00,60,7,SYNTHETIC DEMO DATA
2026-09-01T13:55:00,59,8,SYNTHETIC DEMO DATA
2026-09-01T14:00:00,67,10,SYNTHETIC DEMO DATA
2026-09-01T14:05:00,61,6,SYNTHETIC DEMO DATA
2026-09-01T14:10:00,65,8,SYNTHETIC DEMO DATA
2026-09-01T14:15:00,64,8,SYNTHETIC DEMO DATA
2026-09-01T14:20:00,57,6,SYNTHETIC DEMO DATA
2026-09-01T14:25:00,56,8,SYNTHETIC DEMO DATA
2026-09-01T14:30:00,59,8,SYNTHETIC DEMO DATA
2026-09-01T14:35:00,55,7,SYNTHETIC DEMO DATA
2026-09-01T14:40:00,58,4,SYNTHETIC DEMO DATA
2026-09-01T14:45:00,53,3,SYNTHETIC DEMO DATA
2026-09-01T14:50:00,53,4,SYNTHETIC DEMO DATA
2026-09-01T14:55:00,59,8,SYNTHETIC DEMO DATA
2026-09-01T15:00:00,45,4,SYNTHETIC DEMO DATA
2026-09-01T15:05:00,48,5,SYNTHETIC DEMO DATA
2026-09-01T15:10:00,54,5,SYNTHETIC DEMO DATA
2026-09-01T15:15:00,63,5,SYNTHETIC DEMO DATA
2026-09-01T15:20:00,56,4,SYNTHETIC DEMO DATA
2026-09-01T15:25:00,55,4,SYNTHETIC DEMO DATA
2026-09-01T15:30:00,55,8,SYNTHETIC DEMO DATA
2026-09-01T15:35:00,55,6,SYNTHETIC DEMO DATA
2026-09-01T15:40:00,55,6,SYNTHETIC DEMO DATA
2026-09-01T15:45:00,58,8,SYNTHETIC DEMO DATA
2026-09-01T15:50:00,68,7,SYNTHETIC DEMO DATA
2026-09-01T15:55:00,63,4,SYNTHETIC DEMO DATA
2026-09-01T16:00:00,61,5,SYNTHETIC DEMO DATA
2026-09-01T16:05:00,62,3,SYNTHETIC DEMO DATA
2026-09-01T16:10:00,71,9,SYNTHETIC DEMO DATA
2026-09-01T16:15:00,64,5,SYNTHETIC DEMO DATA
2026-09-01T16:20:00,69,7,SYNTHETIC DEMO DATA
2026-09-01T16:25:00,72,10,SYNTHETIC DEMO DATA
2026-09-01T16:30:00,63,3,SYNTHETIC DEMO DATA
2026-09-01T16:35:00,70,5,SYNTHETIC DEMO DATA
2026-09-01T16:40:00,91,6,SYNTHETIC DEMO DATA
2026-09-01T16:45:00,79,4,SYNTHETIC DEMO DATA
2026-09-01T16:50:00,76,5,SYNTHETIC DEMO DATA
2026-09-01T16:55:00,78,8,SYNTHETIC DEMO DATA
2026-09-01T17:00:00,86,10,SYNTHETIC DEMO DATA
2026-09-01T17:05:00,91,13,SYNTHETIC DEMO DATA
2026-09-01T17:10:00,95,9,SYNTHETIC DEMO DATA
2026-09-01T17:15:00,96,11,SYNTHETIC DEMO DATA
2026-09-01T17:20:00,80,6,SYNTHETIC DEMO DATA
2026-09-01T17:25:00,88,8,SYNTHETIC DEMO DATA
2026-09-01T17:30:00,80,8,SYNTHETIC DEMO DATA
2026-09-01T17:35:00,91,7,SYNTHETIC DEMO DATA
2026-09-01T17:40:00,84,5,SYNTHETIC DEMO DATA
2026-09-01T17:45:00,97,9,SYNTHETIC DEMO DATA
2026-09-01T17:50:00,102,9,SYNTHETIC DEMO DATA
2026-09-01T17:55:00,99,6,SYNTHETIC DEMO DATA
2026-09-01T18:00:00,94,7,SYNTHETIC DEMO DATA
2026-09-01T18:05:00,85,11,SYNTHETIC DEMO DATA
2026-09-01T18:10:00,87,7,SYNTHETIC DEMO DATA
2026-09-01T18:15:00,81,8,SYNTHETIC DEMO DATA
2026-09-01T18:20:00,87,5,SYNTHETIC DEMO DATA
2026-09-01T18:25:00,83,5,SYNTHETIC DEMO DATA
2026-09-01T18:30:00,77,6,SYNTHETIC DEMO DATA
2026-09-01T18:35:00,75,10,SYNTHETIC DEMO DATA
2026-09-01T18:40:00,71,7,SYNTHETIC DEMO DATA
2026-09-01T18:45:00,69,7,SYNTHETIC DEMO DATA
2026-09-01T18:50:00,78,9,SYNTHETIC DEMO DATA
2026-09-01T18:55:00,66,9,SYNTHETIC DEMO DATA
2026-09-01T19:00:00,58,8,SYNTHETIC DEMO DATA
2026-09-01T19:05:00,68,7,SYNTHETIC DEMO DATA
2026-09-01T19:10:00,68,7,SYNTHETIC DEMO DATA
2026-09-01T19:15:00,74,10,SYNTHETIC DEMO DATA
2026-09-01T19:20:00,56,3,SYNTHETIC DEMO DATA
2026-09-01T19:25:00,56,5,SYNTHETIC DEMO DATA
2026-09-01T19:30:00,62,4,SYNTHETIC DEMO DATA
2026-09-01T19:35:00,59,6,SYNTHETIC DEMO DATA
2026-09-01T19:40:00,49,6,SYNTHETIC DEMO DATA
2026-09-01T19:45:00,48,4,SYNTHETIC DEMO DATA
2026-09-01T19:50:00,48,4,SYNTHETIC DEMO DATA
2026-09-01T19:55:00,46,3,SYNTHETIC DEMO DATA
2026-09-01T20:00:00,45,6,SYNTHETIC DEMO DATA
2026-09-01T20:05:00,41,3,SYNTHETIC DEMO DATA
2026-09-01T20:10:00,44,5,SYNTHETIC DEMO DATA
2026-09-01T20:15:00,44,6,SYNTHETIC DEMO DATA
2026-09-01T20:20:00,36,2,SYNTHETIC DEMO DATA
2026-09-01T20:25:00,32,2,SYNTHETIC DEMO DATA
2026-09-01T20:30:00,32,3,SYNTHETIC DEMO DATA
2026-09-01T20:35:00,32,4,SYNTHETIC DEMO DATA
2026-09-01T20:40:00,27,2,SYNTHETIC DEMO DATA
2026-09-01T20:45:00,27,2,SYNTHETIC DEMO DATA
2026-09-01T20:50:00,25,2,SYNTHETIC DEMO DATA
2026-09-01T20:55:00,19,1,SYNTHETIC DEMO DATA
2026-09-01T21:00:00,21,3,SYNTHETIC DEMO DATA
2026-09-01T21:05:00,22,3,SYNTHETIC DEMO DATA
2026-09-01T21:10:00,19,1,SYNTHETIC DEMO DATA
2026-09-01T21:15:00,19,3,SYNTHETIC DEMO DATA
2026-09-01T21:20:00,22,2,SYNTHETIC DEMO DATA
2026-09-01T21:25:00,20,2,SYNTHETIC DEMO DATA
2026-09-01T21:30:00,20,2,SYNTHETIC DEMO DATA
2026-09-01T21:35:00,20,3,SYNTHETIC DEMO DATA
2026-09-01T21:40:00,23,2,SYNTHETIC DEMO DATA
2026-09-01T21:45:00,18,2,SYNTHETIC DEMO DATA
2026-09-01T21:50:00,23,2,SYNTHETIC DEMO DATA
2026-09-01T21:55:00,21,3,SYNTHETIC DEMO DATA
2026-09-02T08:00:00,12,1,SYNTHETIC DEMO DATA
2026-09-02T08:05:00,13,2,SYNTHETIC DEMO DATA
2026-09-02T08:10:00,13,2,SYNTHETIC DEMO DATA
2026-09-02T08:15:00,13,1,SYNTHETIC DEMO DATA
2026-09-02T08:20:00,15,2,SYNTHETIC DEMO DATA
2026-09-02T08:25:00,14,2,SYNTHETIC DEMO DATA
2026-09-02T08:30:00,17,1,SYNTHETIC DEMO DATA
2026-09-02T08:35:00,16,1,SYNTHETIC DEMO DATA
2026-09-02T08:40:00,16,1,SYNTHETIC DEMO DATA
2026-09-02T08:45:00,18,2,SYNTHETIC DEMO DATA
2026-09-02T08:50:00,20,3,SYNTHETIC DEMO DATA
2026-09-02T08:55:00,20,2,SYNTHETIC DEMO DATA
2026-09-02T09:00:00,20,3,SYNTHETIC DEMO DATA
2026-09-02T09:05:00,24,2,SYNTHETIC DEMO DATA
2026-09-02T09:10:00,23,2,SYNTHETIC DEMO DATA
2026-09-02T09:15:00,21,3,SYNTHETIC DEMO DATA
2026-09-02T09:20:00,24,1,SYNTHETIC DEMO DATA
2026-09-02T09:25:00,30,2,SYNTHETIC DEMO DATA
2026-09-02T09:30:00,26,2,SYNTHETIC DEMO DATA
2026-09-02T09:35:00,30,2,SYNTHETIC DEMO DATA
2026-09-02T09:40:00,32,4,SYNTHETIC DEMO DATA
2026-09-02T09:45:00,38,5,SYNTHETIC DEMO DATA
2026-09-02T09:50:00,31,4,SYNTHETIC DEMO DATA
2026-09-02T09:55:00,34,5,SYNTHETIC DEMO DATA
2026-09-02T10:00:00,32,3,SYNTHETIC DEMO DATA
2026-09-02T10:05:00,39,5,SYNTHETIC DEMO DATA
2026-09-02T10:10:00,35,3,SYNTHETIC DEMO DATA
2026-09-02T10:15:00,42,4,SYNTHETIC DEMO DATA
2026-09-02T10:20:00,47,7,SYNTHETIC DEMO DATA
2026-09-02T10:25:00,43,6,SYNTHETIC DEMO DATA
2026-09-02T10:30:00,43,5,SYNTHETIC DEMO DATA
2026-09-02T10:35:00,46,3,SYNTHETIC DEMO DATA
2026-09-02T10:40:00,42,3,SYNTHETIC DEMO DATA
2026-09-02T10:45:00,45,3,SYNTHETIC DEMO DATA
2026-09-02T10:50:00,48,3,SYNTHETIC DEMO DATA
2026-09-02T10:55:00,49,7,SYNTHETIC DEMO DATA
2026-09-02T11:00:00,51,4,SYNTHETIC DEMO DATA
2026-09-02T11:05:00,53,5,SYNTHETIC DEMO DATA
2026-09-02T11:10:00,60,8,SYNTHETIC DEMO DATA
2026-09-02T11:15:00,53,4,SYNTHETIC DEMO DATA
2026-09-02T11:20:00,56,5,SYNTHETIC DEMO DATA
2026-09-02T11:25:00,58,3,SYNTHETIC DEMO DATA
2026-09-02T11:30:00,65,6,SYNTHETIC DEMO DATA
2026-09-02T11:35:00,66,5,SYNTHETIC DEMO DATA
2026-09-02T11:40:00,71,4,SYNTHETIC DEMO DATA
2026-09-02T11:45:00,79,5,SYNTHETIC DEMO DATA
2026-09-02T11:50:00,72,8,SYNTHETIC DEMO DATA
2026-09-02T11:55:00,70,4,SYNTHETIC DEMO DATA
2026-09-02T12:00:00,85,7,SYNTHETIC DEMO DATA
2026-09-02T12:05:00,76,10,SYNTHETIC DEMO DATA
2026-09-02T12:10:00,69,5,SYNTHETIC DEMO DATA
2026-09-02T12:15:00,92,6,SYNTHETIC DEMO DATA
2026-09-02T12:20:00,72,4,SYNTHETIC DEMO DATA
2026-09-02T12:25:00,73,11,SYNTHETIC DEMO DATA
2026-09-02T12:30:00,70,7,SYNTHETIC DEMO DATA
2026-09-02T12:35:00,65,9,SYNTHETIC DEMO DATA
2026-09-02T12:40:00,77,10,SYNTHETIC DEMO DATA
2026-09-02T12:45:00,78,9,SYNTHETIC DEMO DATA
2026-09-02T12:50:00,73,5,SYNTHETIC DEMO DATA
2026-09-02T12:55:00,70,4,SYNTHETIC DEMO DATA
2026-09-02T13:00:00,72,5,SYNTHETIC DEMO DATA
2026-09-02T13:05:00,77,12,SYNTHETIC DEMO DATA
2026-09-02T13:10:00,76,7,SYNTHETIC DEMO DATA
2026-09-02T13:15:00,83,9,SYNTHETIC DEMO DATA
2026-09-02T13:20:00,91,9,SYNTHETIC DEMO DATA
2026-09-02T13:25:00,79,6,SYNTHETIC DEMO DATA
2026-09-02T13:30:00,59,5,SYNTHETIC DEMO DATA
2026-09-02T13:35:00,81,7,SYNTHETIC DEMO DATA
2026-09-02T13:40:00,64,8,SYNTHETIC DEMO DATA
2026-09-02T13:45:00,67,3,SYNTHETIC DEMO DATA
2026-09-02T13:50:00,75,5,SYNTHETIC DEMO DATA
2026-09-02T13:55:00,65,6,SYNTHETIC DEMO DATA
2026-09-02T14:00:00,69,6,SYNTHETIC DEMO DATA
2026-09-02T14:05:00,71,9,SYNTHETIC DEMO DATA
2026-09-02T14:10:00,59,4,SYNTHETIC DEMO DATA
2026-09-02T14:15:00,62,8,SYNTHETIC DEMO DATA
2026-09-02T14:20:00,56,7,SYNTHETIC DEMO DATA
2026-09-02T14:25:00,64,6,SYNTHETIC DEMO DATA
2026-09-02T14:30:00,51,4,SYNTHETIC DEMO DATA
2026-09-02T14:35:00,55,8,SYNTHETIC DEMO DATA
2026-09-02T14:40:00,62,8,SYNTHETIC DEMO DATA
2026-09-02T14:45:00,61,6,SYNTHETIC DEMO DATA
2026-09-02T14:50:00,54,7,SYNTHETIC DEMO DATA
2026-09-02T14:55:00,53,5,SYNTHETIC DEMO DATA
2026-09-02T15:00:00,48,6,SYNTHETIC DEMO DATA
2026-09-02T15:05:00,54,5,SYNTHETIC DEMO DATA
2026-09-02T15:10:00,62,6,SYNTHETIC DEMO DATA
2026-09-02T15:15:00,59,4,SYNTHETIC DEMO DATA
2026-09-02T15:20:00,55,6,SYNTHETIC DEMO DATA
2026-09-02T15:25:00,54,7,SYNTHETIC DEMO DATA
2026-09-02T15:30:00,62,4,SYNTHETIC DEMO DATA
2026-09-02T15:35:00,57,5,SYNTHETIC DEMO DATA
2026-09-02T15:40:00,62,8,SYNTHETIC DEMO DATA
2026-09-02T15:45:00,57,5,SYNTHETIC DEMO DATA
2026-09-02T15:50:00,46,6,SYNTHETIC DEMO DATA
2026-09-02T15:55:00,56,5,SYNTHETIC DEMO DATA
2026-09-02T16:00:00,54,7,SYNTHETIC DEMO DATA
2026-09-02T16:05:00,62,8,SYNTHETIC DEMO DATA
2026-09-02T16:10:00,60,9,SYNTHETIC DEMO DATA
2026-09-02T16:15:00,54,6,SYNTHETIC DEMO DATA
2026-09-02T16:20:00,75,8,SYNTHETIC DEMO DATA
2026-09-02T16:25:00,84,12,SYNTHETIC DEMO DATA
2026-09-02T16:30:00,80,9,SYNTHETIC DEMO DATA
2026-09-02T16:35:00,68,9,SYNTHETIC DEMO DATA
2026-09-02T16:40:00,69,6,SYNTHETIC DEMO DATA
2026-09-02T16:45:00,68,7,SYNTHETIC DEMO DATA
2026-09-02T16:50:00,72,7,SYNTHETIC DEMO DATA
2026-09-02T16:55:00,88,5,SYNTHETIC DEMO DATA
2026-09-02T17:00:00,82,11,SYNTHETIC DEMO DATA
2026-09-02T17:05:00,81,12,SYNTHETIC DEMO DATA
2026-09-02T17:10:00,87,12,SYNTHETIC DEMO DATA
2026-09-02T17:15:00,96,10,SYNTHETIC DEMO DATA
2026-09-02T17:20:00,83,9,SYNTHETIC DEMO DATA
2026-09-02T17:25:00,86,6,SYNTHETIC DEMO DATA
2026-09-02T17:30:00,78,10,SYNTHETIC DEMO DATA
2026-09-02T17:35:00,90,10,SYNTHETIC DEMO DATA
2026-09-02T17:40:00,90,13,SYNTHETIC DEMO DATA
2026-09-02T17:45:00,84,9,SYNTHETIC DEMO DATA
2026-09-02T17:50:00,91,10,SYNTHETIC DEMO DATA
2026-09-02T17:55:00,80,10,SYNTHETIC DEMO DATA
2026-09-02T18:00:00,99,7,SYNTHETIC DEMO DATA
2026-09-02T18:05:00,94,13,SYNTHETIC DEMO DATA
2026-09-02T18:10:00,93,6,SYNTHETIC DEMO DATA
2026-09-02T18:15:00,86,11,SYNTHETIC DEMO DATA
2026-09-02T18:20:00,84,5,SYNTHETIC DEMO DATA
2026-09-02T18:25:00,82,9,SYNTHETIC DEMO DATA
2026-09-02T18:30:00,77,11,SYNTHETIC DEMO DATA
2026-09-02T18:35:00,82,6,SYNTHETIC DEMO DATA
2026-09-02T18:40:00,81,10,SYNTHETIC DEMO DATA
2026-09-02T18:45:00,67,8,SYNTHETIC DEMO DATA
2026-09-02T18:50:00,73,8,SYNTHETIC DEMO DATA
2026-09-02T18:55:00,72,4,SYNTHETIC DEMO DATA
2026-09-02T19:00:00,66,4,SYNTHETIC DEMO DATA
2026-09-02T19:05:00,68,7,SYNTHETIC DEMO DATA
2026-09-02T19:10:00,63,8,SYNTHETIC DEMO DATA
2026-09-02T19:15:00,65,4,SYNTHETIC DEMO DATA
2026-09-02T19:20:00,61,8,SYNTHETIC DEMO DATA
2026-09-02T19:25:00,60,4,SYNTHETIC DEMO DATA
2026-09-02T19:30:00,55,6,SYNTHETIC DEMO DATA
2026-09-02T19:35:00,51,5,SYNTHETIC DEMO DATA
2026-09-02T19:40:00,48,2,SYNTHETIC DEMO DATA
2026-09-02T19:45:00,48,2,SYNTHETIC DEMO DATA
2026-09-02T19:50:00,53,8,SYNTHETIC DEMO DATA
2026-09-02T19:55:00,50,6,SYNTHETIC DEMO DATA
2026-09-02T20:00:00,48,4,SYNTHETIC DEMO DATA
2026-09-02T20:05:00,42,6,SYNTHETIC DEMO DATA
2026-09-02T20:10:00,42,6,SYNTHETIC DEMO DATA
2026-09-02T20:15:00,44,6,SYNTHETIC DEMO DATA
2026-09-02T20:20:00,34,2,SYNTHETIC DEMO DATA
2026-09-02T20:25:00,34,5,SYNTHETIC DEMO DATA
2026-09-02T20:30:00,35,3,SYNTHETIC DEMO DATA
2026-09-02T20:35:00,29,2,SYNTHETIC DEMO DATA
2026-09-02T20:40:00,28,3,SYNTHETIC DEMO DATA
2026-09-02T20:45:00,29,2,SYNTHETIC DEMO DATA
2026-09-02T20:50:00,22,3,SYNTHETIC DEMO DATA
2026-09-02T20:55:00,23,3,SYNTHETIC DEMO DATA
2026-09-02T21:00:00,19,1,SYNTHETIC DEMO DATA
2026-09-02T21:05:00,20,3,SYNTHETIC DEMO DATA
2026-09-02T21:10:00,23,1,SYNTHETIC DEMO DATA
2026-09-02T21:15:00,18,2,SYNTHETIC DEMO DATA
2026-09-02T21:20:00,19,2,SYNTHETIC DEMO DATA
2026-09-02T21:25:00,18,2,SYNTHETIC DEMO DATA
2026-09-02T21:30:00,18,1,SYNTHETIC DEMO DATA
2026-09-02T21:35:00,19,2,SYNTHETIC DEMO DATA
2026-09-02T21:40:00,19,1,SYNTHETIC DEMO DATA
2026-09-02T21:45:00,19,1,SYNTHETIC DEMO DATA
2026-09-02T21:50:00,20,2,SYNTHETIC DEMO DATA
2026-09-02T21:55:00,20,2,SYNTHETIC DEMO DATA
2026-09-03T08:00:00,12,1,SYNTHETIC DEMO DATA
2026-09-03T08:05:00,12,1,SYNTHETIC DEMO DATA
2026-09-03T08:10:00,14,1,SYNTHETIC DEMO DATA
2026-09-03T08:15:00,15,2,SYNTHETIC DEMO DATA
2026-09-03T08:20:00,14,2,SYNTHETIC DEMO DATA
2026-09-03T08:25:00,16,1,SYNTHETIC DEMO DATA
2026-09-03T08:30:00,16,1,SYNTHETIC DEMO DATA
2026-09-03T08:35:00,17,2,SYNTHETIC DEMO DATA
2026-09-03T08:40:00,17,2,SYNTHETIC DEMO DATA
2026-09-03T08:45:00,19,3,SYNTHETIC DEMO DATA
2026-09-03T08:50:00,19,2,SYNTHETIC DEMO DATA
2026-09-03T08:55:00,23,1,SYNTHETIC DEMO DATA
2026-09-03T09:00:00,20,2,SYNTHETIC DEMO DATA
2026-09-03T09:05:00,21,1,SYNTHETIC DEMO DATA
2026-09-03T09:10:00,24,2,SYNTHETIC DEMO DATA
2026-09-03T09:15:00,18,2,SYNTHETIC DEMO DATA
2026-09-03T09:20:00,22,3,SYNTHETIC DEMO DATA
2026-09-03T09:25:00,25,1,SYNTHETIC DEMO DATA
2026-09-03T09:30:00,27,3,SYNTHETIC DEMO DATA
2026-09-03T09:35:00,31,4,SYNTHETIC DEMO DATA
2026-09-03T09:40:00,30,2,SYNTHETIC DEMO DATA
2026-09-03T09:45:00,29,1,SYNTHETIC DEMO DATA
2026-09-03T09:50:00,34,3,SYNTHETIC DEMO DATA
2026-09-03T09:55:00,37,4,SYNTHETIC DEMO DATA
2026-09-03T10:00:00,37,3,SYNTHETIC DEMO DATA
2026-09-03T10:05:00,30,4,SYNTHETIC DEMO DATA
2026-09-03T10:10:00,37,3,SYNTHETIC DEMO DATA
2026-09-03T10:15:00,43,3,SYNTHETIC DEMO DATA
2026-09-03T10:20:00,38,2,SYNTHETIC DEMO DATA
2026-09-03T10:25:00,40,5,SYNTHETIC DEMO DATA
2026-09-03T10:30:00,45,4,SYNTHETIC DEMO DATA
2026-09-03T10:35:00,44,5,SYNTHETIC DEMO DATA
2026-09-03T10:40:00,43,3,SYNTHETIC DEMO DATA
2026-09-03T10:45:00,46,7,SYNTHETIC DEMO DATA
2026-09-03T10:50:00,45,4,SYNTHETIC DEMO DATA
2026-09-03T10:55:00,50,4,SYNTHETIC DEMO DATA
2026-09-03T11:00:00,46,6,SYNTHETIC DEMO DATA
2026-09-03T11:05:00,54,6,SYNTHETIC DEMO DATA
2026-09-03T11:10:00,52,6,SYNTHETIC DEMO DATA
2026-09-03T11:15:00,41,4,SYNTHETIC DEMO DATA
2026-09-03T11:20:00,54,5,SYNTHETIC DEMO DATA
2026-09-03T11:25:00,53,5,SYNTHETIC DEMO DATA
2026-09-03T11:30:00,59,3,SYNTHETIC DEMO DATA
2026-09-03T11:35:00,72,7,SYNTHETIC DEMO DATA
2026-09-03T11:40:00,68,8,SYNTHETIC DEMO DATA
2026-09-03T11:45:00,72,11,SYNTHETIC DEMO DATA
2026-09-03T11:50:00,71,7,SYNTHETIC DEMO DATA
2026-09-03T11:55:00,82,9,SYNTHETIC DEMO DATA
2026-09-03T12:00:00,82,12,SYNTHETIC DEMO DATA
2026-09-03T12:05:00,82,5,SYNTHETIC DEMO DATA
2026-09-03T12:10:00,74,5,SYNTHETIC DEMO DATA
2026-09-03T12:15:00,78,10,SYNTHETIC DEMO DATA
2026-09-03T12:20:00,76,5,SYNTHETIC DEMO DATA
2026-09-03T12:25:00,84,7,SYNTHETIC DEMO DATA
2026-09-03T12:30:00,90,10,SYNTHETIC DEMO DATA
2026-09-03T12:35:00,80,7,SYNTHETIC DEMO DATA
2026-09-03T12:40:00,79,6,SYNTHETIC DEMO DATA
2026-09-03T12:45:00,80,5,SYNTHETIC DEMO DATA
2026-09-03T12:50:00,69,5,SYNTHETIC DEMO DATA
2026-09-03T12:55:00,82,12,SYNTHETIC DEMO DATA
2026-09-03T13:00:00,83,8,SYNTHETIC DEMO DATA
2026-09-03T13:05:00,69,8,SYNTHETIC DEMO DATA
2026-09-03T13:10:00,77,10,SYNTHETIC DEMO DATA
2026-09-03T13:15:00,82,8,SYNTHETIC DEMO DATA
2026-09-03T13:20:00,68,6,SYNTHETIC DEMO DATA
2026-09-03T13:25:00,77,5,SYNTHETIC DEMO DATA
2026-09-03T13:30:00,71,10,SYNTHETIC DEMO DATA
2026-09-03T13:35:00,68,9,SYNTHETIC DEMO DATA
2026-09-03T13:40:00,73,8,SYNTHETIC DEMO DATA
2026-09-03T13:45:00,63,3,SYNTHETIC DEMO DATA
2026-09-03T13:50:00,63,4,SYNTHETIC DEMO DATA
2026-09-03T13:55:00,61,5,SYNTHETIC DEMO DATA
2026-09-03T14:00:00,71,8,SYNTHETIC DEMO DATA
2026-09-03T14:05:00,63,9,SYNTHETIC DEMO DATA
2026-09-03T14:10:00,70,9,SYNTHETIC DEMO DATA
2026-09-03T14:15:00,67,9,SYNTHETIC DEMO DATA
2026-09-03T14:20:00,59,8,SYNTHETIC DEMO DATA
2026-09-03T14:25:00,65,6,SYNTHETIC DEMO DATA
2026-09-03T14:30:00,50,5,SYNTHETIC DEMO DATA
2026-09-03T14:35:00,63,5,SYNTHETIC DEMO DATA
2026-09-03T14:40:00,58,3,SYNTHETIC DEMO DATA
2026-09-03T14:45:00,62,6,SYNTHETIC DEMO DATA
2026-09-03T14:50:00,49,5,SYNTHETIC DEMO DATA
2026-09-03T14:55:00,53,4,SYNTHETIC DEMO DATA
2026-09-03T15:00:00,63,9,SYNTHETIC DEMO DATA
2026-09-03T15:05:00,60,6,SYNTHETIC DEMO DATA
2026-09-03T15:10:00,57,4,SYNTHETIC DEMO DATA
2026-09-03T15:15:00,54,4,SYNTHETIC DEMO DATA
2026-09-03T15:20:00,64,5,SYNTHETIC DEMO DATA
2026-09-03T15:25:00,57,4,SYNTHETIC DEMO DATA
2026-09-03T15:30:00,49,5,SYNTHETIC DEMO DATA
2026-09-03T15:35:00,61,7,SYNTHETIC DEMO DATA
2026-09-03T15:40:00,57,4,SYNTHETIC DEMO DATA
2026-09-03T15:45:00,61,7,SYNTHETIC DEMO DATA
2026-09-03T15:50:00,55,7,SYNTHETIC DEMO DATA
2026-09-03T15:55:00,65,7,SYNTHETIC DEMO DATA
2026-09-03T16:00:00,54,7,SYNTHETIC DEMO DATA
2026-09-03T16:05:00,61,5,SYNTHETIC DEMO DATA
2026-09-03T16:10:00,61,6,SYNTHETIC DEMO DATA
2026-09-03T16:15:00,66,4,SYNTHETIC DEMO DATA
2026-09-03T16:20:00,58,4,SYNTHETIC DEMO DATA
2026-09-03T16:25:00,62,8,SYNTHETIC DEMO DATA
2026-09-03T16:30:00,69,8,SYNTHETIC DEMO DATA
2026-09-03T16:35:00,63,4,SYNTHETIC DEMO DATA
2026-09-03T16:40:00,78,10,SYNTHETIC DEMO DATA
2026-09-03T16:45:00,78,6,SYNTHETIC DEMO DATA
2026-09-03T16:50:00,71,5,SYNTHETIC DEMO DATA
2026-09-03T16:55:00,83,9,SYNTHETIC DEMO DATA
2026-09-03T17:00:00,74,6,SYNTHETIC DEMO DATA
2026-09-03T17:05:00,83,7,SYNTHETIC DEMO DATA
2026-09-03T17:10:00,91,10,SYNTHETIC DEMO DATA
2026-09-03T17:15:00,92,7,SYNTHETIC DEMO DATA
2026-09-03T17:20:00,85,10,SYNTHETIC DEMO DATA
2026-09-03T17:25:00,80,5,SYNTHETIC DEMO DATA
2026-09-03T17:30:00,88,11,SYNTHETIC DEMO DATA
2026-09-03T17:35:00,91,8,SYNTHETIC DEMO DATA
2026-09-03T17:40:00,84,12,SYNTHETIC DEMO DATA
2026-09-03T17:45:00,90,9,SYNTHETIC DEMO DATA
2026-09-03T17:50:00,79,6,SYNTHETIC DEMO DATA
2026-09-03T17:55:00,107,8,SYNTHETIC DEMO DATA
2026-09-03T18:00:00,90,8,SYNTHETIC DEMO DATA
2026-09-03T18:05:00,89,6,SYNTHETIC DEMO DATA
2026-09-03T18:10:00,91,6,SYNTHETIC DEMO DATA
2026-09-03T18:15:00,79,6,SYNTHETIC DEMO DATA
2026-09-03T18:20:00,88,12,SYNTHETIC DEMO DATA
2026-09-03T18:25:00,84,5,SYNTHETIC DEMO DATA
2026-09-03T18:30:00,77,11,SYNTHETIC DEMO DATA
2026-09-03T18:35:00,81,12,SYNTHETIC DEMO DATA
2026-09-03T18:40:00,82,6,SYNTHETIC DEMO DATA
2026-09-03T18:45:00,86,6,SYNTHETIC DEMO DATA
2026-09-03T18:50:00,78,5,SYNTHETIC DEMO DATA
2026-09-03T18:55:00,66,5,SYNTHETIC DEMO DATA
2026-09-03T19:00:00,69,5,SYNTHETIC DEMO DATA
2026-09-03T19:05:00,69,6,SYNTHETIC DEMO DATA
2026-09-03T19:10:00,67,9,SYNTHETIC DEMO DATA
2026-09-03T19:15:00,61,7,SYNTHETIC DEMO DATA
2026-09-03T19:20:00,60,5,SYNTHETIC DEMO DATA
2026-09-03T19:25:00,63,4,SYNTHETIC DEMO DATA
2026-09-03T19:30:00,62,5,SYNTHETIC DEMO DATA
2026-09-03T19:35:00,58,6,SYNTHETIC DEMO DATA
2026-09-03T19:40:00,52,5,SYNTHETIC DEMO DATA
2026-09-03T19:45:00,56,4,SYNTHETIC DEMO DATA
2026-09-03T19:50:00,49,5,SYNTHETIC DEMO DATA
2026-09-03T19:55:00,46,6,SYNTHETIC DEMO DATA
2026-09-03T20:00:00,47,4,SYNTHETIC DEMO DATA
2026-09-03T20:05:00,47,3,SYNTHETIC DEMO DATA
2026-09-03T20:10:00,43,3,SYNTHETIC DEMO DATA
2026-09-03T20:15:00,41,3,SYNTHETIC DEMO DATA
2026-09-03T20:20:00,40,5,SYNTHETIC DEMO DATA
2026-09-03T20:25:00,34,4,SYNTHETIC DEMO DATA
2026-09-03T20:30:00,33,3,SYNTHETIC DEMO DATA
2026-09-03T20:35:00,32,2,SYNTHETIC DEMO DATA
2026-09-03T20:40:00,26,2,SYNTHETIC DEMO DATA
2026-09-03T20:45:00,25,2,SYNTHETIC DEMO DATA
2026-09-03T20:50:00,24,3,SYNTHETIC DEMO DATA
2026-09-03T20:55:00,21,2,SYNTHETIC DEMO DATA
2026-09-03T21:00:00,18,2,SYNTHETIC DEMO DATA
2026-09-03T21:05:00,20,2,SYNTHETIC DEMO DATA
2026-09-03T21:10:00,21,1,SYNTHETIC DEMO DATA
2026-09-03T21:15:00,21,2,SYNTHETIC DEMO DATA
2026-09-03T21:20:00,20,3,SYNTHETIC DEMO DATA
2026-09-03T21:25:00,19,2,SYNTHETIC DEMO DATA
2026-09-03T21:30:00,20,2,SYNTHETIC DEMO DATA
2026-09-03T21:35:00,19,3,SYNTHETIC DEMO DATA
2026-09-03T21:40:00,21,2,SYNTHETIC DEMO DATA
2026-09-03T21:45:00,22,2,SYNTHETIC DEMO DATA
2026-09-03T21:50:00,17,1,SYNTHETIC DEMO DATA
2026-09-03T21:55:00,21,2,SYNTHETIC DEMO DATA
2026-09-04T08:00:00,12,1,SYNTHETIC DEMO DATA
2026-09-04T08:05:00,13,1,SYNTHETIC DEMO DATA
2026-09-04T08:10:00,13,2,SYNTHETIC DEMO DATA
2026-09-04T08:15:00,17,1,SYNTHETIC DEMO DATA
2026-09-04T08:20:00,13,2,SYNTHETIC DEMO DATA
2026-09-04T08:25:00,16,1,SYNTHETIC DEMO DATA
2026-09-04T08:30:00,16,1,SYNTHETIC DEMO DATA
2026-09-04T08:35:00,17,2,SYNTHETIC DEMO DATA
2026-09-04T08:40:00,18,2,SYNTHETIC DEMO DATA
2026-09-04T08:45:00,18,2,SYNTHETIC DEMO DATA
2026-09-04T08:50:00,18,1,SYNTHETIC DEMO DATA
2026-09-04T08:55:00,17,1,SYNTHETIC DEMO DATA
2026-09-04T09:00:00,21,2,SYNTHETIC DEMO DATA
2026-09-04T09:05:00,19,2,SYNTHETIC DEMO DATA
2026-09-04T09:10:00,25,3,SYNTHETIC DEMO DATA
2026-09-04T09:15:00,22,1,SYNTHETIC DEMO DATA
2026-09-04T09:20:00,25,4,SYNTHETIC DEMO DATA
2026-09-04T09:25:00,26,3,SYNTHETIC DEMO DATA
2026-09-04T09:30:00,27,2,SYNTHETIC DEMO DATA
2026-09-04T09:35:00,28,3,SYNTHETIC DEMO DATA
2026-09-04T09:40:00,31,2,SYNTHETIC DEMO DATA
2026-09-04T09:45:00,30,3,SYNTHETIC DEMO DATA
2026-09-04T09:50:00,37,3,SYNTHETIC DEMO DATA
2026-09-04T09:55:00,37,2,SYNTHETIC DEMO DATA
2026-09-04T10:00:00,36,2,SYNTHETIC DEMO DATA
2026-09-04T10:05:00,36,5,SYNTHETIC DEMO DATA
2026-09-04T10:10:00,38,6,SYNTHETIC DEMO DATA
2026-09-04T10:15:00,37,2,SYNTHETIC DEMO DATA
2026-09-04T10:20:00,44,4,SYNTHETIC DEMO DATA
2026-09-04T10:25:00,39,6,SYNTHETIC DEMO DATA
2026-09-04T10:30:00,48,5,SYNTHETIC DEMO DATA
2026-09-04T10:35:00,37,2,SYNTHETIC DEMO DATA
2026-09-04T10:40:00,47,7,SYNTHETIC DEMO DATA
2026-09-04T10:45:00,50,4,SYNTHETIC DEMO DATA
2026-09-04T10:50:00,46,3,SYNTHETIC DEMO DATA
2026-09-04T10:55:00,44,2,SYNTHETIC DEMO DATA
2026-09-04T11:00:00,46,4,SYNTHETIC DEMO DATA
2026-09-04T11:05:00,53,6,SYNTHETIC DEMO DATA
2026-09-04T11:10:00,47,5,SYNTHETIC DEMO DATA
2026-09-04T11:15:00,47,4,SYNTHETIC DEMO DATA
2026-09-04T11:20:00,60,3,SYNTHETIC DEMO DATA
2026-09-04T11:25:00,61,4,SYNTHETIC DEMO DATA
2026-09-04T11:30:00,64,6,SYNTHETIC DEMO DATA
2026-09-04T11:35:00,62,7,SYNTHETIC DEMO DATA
2026-09-04T11:40:00,68,5,SYNTHETIC DEMO DATA
2026-09-04T11:45:00,75,10,SYNTHETIC DEMO DATA
2026-09-04T11:50:00,73,11,SYNTHETIC DEMO DATA
2026-09-04T11:55:00,72,8,SYNTHETIC DEMO DATA
2026-09-04T12:00:00,80,11,SYNTHETIC DEMO DATA
2026-09-04T12:05:00,84,10,SYNTHETIC DEMO DATA
2026-09-04T12:10:00,74,7,SYNTHETIC DEMO DATA
2026-09-04T12:15:00,68,6,SYNTHETIC DEMO DATA
2026-09-04T12:20:00,70,10,SYNTHETIC DEMO DATA
2026-09-04T12:25:00,78,11,SYNTHETIC DEMO DATA
2026-09-04T12:30:00,75,5,SYNTHETIC DEMO DATA
2026-09-04T12:35:00,70,5,SYNTHETIC DEMO DATA
2026-09-04T12:40:00,74,8,SYNTHETIC DEMO DATA
2026-09-04T12:45:00,85,10,SYNTHETIC DEMO DATA
2026-09-04T12:50:00,73,10,SYNTHETIC DEMO DATA
2026-09-04T12:55:00,75,7,SYNTHETIC DEMO DATA
2026-09-04T13:00:00,73,9,SYNTHETIC DEMO DATA
2026-09-04T13:05:00,82,5,SYNTHETIC DEMO DATA
2026-09-04T13:10:00,75,6,SYNTHETIC DEMO DATA
2026-09-04T13:15:00,79,9,SYNTHETIC DEMO DATA
2026-09-04T13:20:00,75,6,SYNTHETIC DEMO DATA
2026-09-04T13:25:00,74,10,SYNTHETIC DEMO DATA
2026-09-04T13:30:00,58,5,SYNTHETIC DEMO DATA
2026-09-04T13:35:00,65,9,SYNTHETIC DEMO DATA
2026-09-04T13:40:00,69,7,SYNTHETIC DEMO DATA
2026-09-04T13:45:00,58,7,SYNTHETIC DEMO DATA
2026-09-04T13:50:00,62,9,SYNTHETIC DEMO DATA
2026-09-04T13:55:00,61,6,SYNTHETIC DEMO DATA
2026-09-04T14:00:00,72,5,SYNTHETIC DEMO DATA
2026-09-04T14:05:00,65,5,SYNTHETIC DEMO DATA
2026-09-04T14:10:00,52,3,SYNTHETIC DEMO DATA
2026-09-04T14:15:00,65,6,SYNTHETIC DEMO DATA
2026-09-04T14:20:00,67,4,SYNTHETIC DEMO DATA
2026-09-04T14:25:00,54,3,SYNTHETIC DEMO DATA
2026-09-04T14:30:00,59,7,SYNTHETIC DEMO DATA
2026-09-04T14:35:00,64,6,SYNTHETIC DEMO DATA
2026-09-04T14:40:00,60,4,SYNTHETIC DEMO DATA
2026-09-04T14:45:00,54,3,SYNTHETIC DEMO DATA
2026-09-04T14:50:00,59,5,SYNTHETIC DEMO DATA
2026-09-04T14:55:00,47,4,SYNTHETIC DEMO DATA
2026-09-04T15:00:00,42,5,SYNTHETIC DEMO DATA
2026-09-04T15:05:00,55,4,SYNTHETIC DEMO DATA
2026-09-04T15:10:00,53,3,SYNTHETIC DEMO DATA
2026-09-04T15:15:00,58,5,SYNTHETIC DEMO DATA
2026-09-04T15:20:00,57,7,SYNTHETIC DEMO DATA
2026-09-04T15:25:00,65,9,SYNTHETIC DEMO DATA
2026-09-04T15:30:00,53,6,SYNTHETIC DEMO DATA
2026-09-04T15:35:00,65,6,SYNTHETIC DEMO DATA
2026-09-04T15:40:00,56,7,SYNTHETIC DEMO DATA
2026-09-04T15:45:00,55,5,SYNTHETIC DEMO DATA
2026-09-04T15:50:00,61,5,SYNTHETIC DEMO DATA
2026-09-04T15:55:00,69,9,SYNTHETIC DEMO DATA
2026-09-04T16:00:00,61,9,SYNTHETIC DEMO DATA
2026-09-04T16:05:00,58,4,SYNTHETIC DEMO DATA
2026-09-04T16:10:00,67,6,SYNTHETIC DEMO DATA
2026-09-04T16:15:00,68,9,SYNTHETIC DEMO DATA
2026-09-04T16:20:00,64,6,SYNTHETIC DEMO DATA
2026-09-04T16:25:00,69,8,SYNTHETIC DEMO DATA
2026-09-04T16:30:00,71,7,SYNTHETIC DEMO DATA
2026-09-04T16:35:00,73,6,SYNTHETIC DEMO DATA
2026-09-04T16:40:00,78,8,SYNTHETIC DEMO DATA
2026-09-04T16:45:00,82,10,SYNTHETIC DEMO DATA
2026-09-04T16:50:00,88,9,SYNTHETIC DEMO DATA
2026-09-04T16:55:00,78,10,SYNTHETIC DEMO DATA
2026-09-04T17:00:00,91,6,SYNTHETIC DEMO DATA
2026-09-04T17:05:00,85,11,SYNTHETIC DEMO DATA
2026-09-04T17:10:00,82,11,SYNTHETIC DEMO DATA
2026-09-04T17:15:00,89,13,SYNTHETIC DEMO DATA
2026-09-04T17:20:00,85,5,SYNTHETIC DEMO DATA
2026-09-04T17:25:00,86,6,SYNTHETIC DEMO DATA
2026-09-04T17:30:00,82,8,SYNTHETIC DEMO DATA
2026-09-04T17:35:00,87,5,SYNTHETIC DEMO DATA
2026-09-04T17:40:00,88,9,SYNTHETIC DEMO DATA
2026-09-04T17:45:00,92,5,SYNTHETIC DEMO DATA
2026-09-04T17:50:00,92,10,SYNTHETIC DEMO DATA
2026-09-04T17:55:00,92,8,SYNTHETIC DEMO DATA
2026-09-04T18:00:00,94,11,SYNTHETIC DEMO DATA
2026-09-04T18:05:00,85,7,SYNTHETIC DEMO DATA
2026-09-04T18:10:00,85,12,SYNTHETIC DEMO DATA
2026-09-04T18:15:00,81,11,SYNTHETIC DEMO DATA
2026-09-04T18:20:00,80,5,SYNTHETIC DEMO DATA
2026-09-04T18:25:00,85,7,SYNTHETIC DEMO DATA
2026-09-04T18:30:00,83,8,SYNTHETIC DEMO DATA
2026-09-04T18:35:00,80,5,SYNTHETIC DEMO DATA
2026-09-04T18:40:00,76,5,SYNTHETIC DEMO DATA
2026-09-04T18:45:00,82,7,SYNTHETIC DEMO DATA
2026-09-04T18:50:00,73,7,SYNTHETIC DEMO DATA
2026-09-04T18:55:00,76,4,SYNTHETIC DEMO DATA
2026-09-04T19:00:00,64,4,SYNTHETIC DEMO DATA
2026-09-04T19:05:00,64,4,SYNTHETIC DEMO DATA
2026-09-04T19:10:00,68,6,SYNTHETIC DEMO DATA
2026-09-04T19:15:00,68,8,SYNTHETIC DEMO DATA
2026-09-04T19:20:00,65,8,SYNTHETIC DEMO DATA
2026-09-04T19:25:00,53,3,SYNTHETIC DEMO DATA
2026-09-04T19:30:00,67,4,SYNTHETIC DEMO DATA
2026-09-04T19:35:00,62,4,SYNTHETIC DEMO DATA
2026-09-04T19:40:00,56,8,SYNTHETIC DEMO DATA
2026-09-04T19:45:00,49,3,SYNTHETIC DEMO DATA
2026-09-04T19:50:00,53,4,SYNTHETIC DEMO DATA
2026-09-04T19:55:00,41,4,SYNTHETIC DEMO DATA
2026-09-04T20:00:00,43,4,SYNTHETIC DEMO DATA
2026-09-04T20:05:00,45,4,SYNTHETIC DEMO DATA
2026-09-04T20:10:00,36,3,SYNTHETIC DEMO DATA
2026-09-04T20:15:00,41,5,SYNTHETIC DEMO DATA
2026-09-04T20:20:00,35,5,SYNTHETIC DEMO DATA
2026-09-04T20:25:00,31,2,SYNTHETIC DEMO DATA
2026-09-04T20:30:00,29,2,SYNTHETIC DEMO DATA
2026-09-04T20:35:00,31,2,SYNTHETIC DEMO DATA
2026-09-04T20:40:00,29,2,SYNTHETIC DEMO DATA
2026-09-04T20:45:00,26,2,SYNTHETIC DEMO DATA
2026-09-04T20:50:00,24,2,SYNTHETIC DEMO DATA
2026-09-04T20:55:00,19,3,SYNTHETIC DEMO DATA
2026-09-04T21:00:00,20,3,SYNTHETIC DEMO DATA
2026-09-04T21:05:00,18,2,SYNTHETIC DEMO DATA
2026-09-04T21:10:00,21,2,SYNTHETIC DEMO DATA
2026-09-04T21:15:00,20,2,SYNTHETIC DEMO DATA
2026-09-04T21:20:00,20,2,SYNTHETIC DEMO DATA
2026-09-04T21:25:00,20,3,SYNTHETIC DEMO DATA
2026-09-04T21:30:00,21,3,SYNTHETIC DEMO DATA
2026-09-04T21:35:00,21,2,SYNTHETIC DEMO DATA
2026-09-04T21:40:00,18,1,SYNTHETIC DEMO DATA
2026-09-04T21:45:00,22,3,SYNTHETIC DEMO DATA
2026-09-04T21:50:00,21,2,SYNTHETIC DEMO DATA
2026-09-04T21:55:00,22,2,SYNTHETIC DEMO DATA
2026-09-05T08:00:00,15,2,SYNTHETIC DEMO DATA
2026-09-05T08:05:00,16,2,SYNTHETIC DEMO DATA
2026-09-05T08:10:00,17,2,SYNTHETIC DEMO DATA
2026-09-05T08:15:00,18,2,SYNTHETIC DEMO DATA
2026-09-05T08:20:00,19,3,SYNTHETIC DEMO DATA
2026-09-05T08:25:00,21,2,SYNTHETIC DEMO DATA
2026-09-05T08:30:00,19,2,SYNTHETIC DEMO DATA
2026-09-05T08:35:00,20,1,SYNTHETIC DEMO DATA
2026-09-05T08:40:00,23,1,SYNTHETIC DEMO DATA
2026-09-05T08:45:00,23,1,SYNTHETIC DEMO DATA
2026-09-05T08:50:00,23,2,SYNTHETIC DEMO DATA
2026-09-05T08:55:00,24,3,SYNTHETIC DEMO DATA
2026-09-05T09:00:00,22,3,SYNTHETIC DEMO DATA
2026-09-05T09:05:00,34,3,SYNTHETIC DEMO DATA
2026-09-05T09:10:00,29,2,SYNTHETIC DEMO DATA
2026-09-05T09:15:00,27,4,SYNTHETIC DEMO DATA
2026-09-05T09:20:00,33,3,SYNTHETIC DEMO DATA
2026-09-05T09:25:00,31,5,SYNTHETIC DEMO DATA
2026-09-05T09:30:00,34,2,SYNTHETIC DEMO DATA
2026-09-05T09:35:00,34,4,SYNTHETIC DEMO DATA
2026-09-05T09:40:00,40,3,SYNTHETIC DEMO DATA
2026-09-05T09:45:00,36,2,SYNTHETIC DEMO DATA
2026-09-05T09:50:00,40,3,SYNTHETIC DEMO DATA
2026-09-05T09:55:00,46,4,SYNTHETIC DEMO DATA
2026-09-05T10:00:00,45,2,SYNTHETIC DEMO DATA
2026-09-05T10:05:00,47,3,SYNTHETIC DEMO DATA
2026-09-05T10:10:00,50,5,SYNTHETIC DEMO DATA
2026-09-05T10:15:00,39,3,SYNTHETIC DEMO DATA
2026-09-05T10:20:00,48,4,SYNTHETIC DEMO DATA
2026-09-05T10:25:00,52,4,SYNTHETIC DEMO DATA
2026-09-05T10:30:00,52,6,SYNTHETIC DEMO DATA
2026-09-05T10:35:00,67,9,SYNTHETIC DEMO DATA
2026-09-05T10:40:00,48,6,SYNTHETIC DEMO DATA
2026-09-05T10:45:00,53,8,SYNTHETIC DEMO DATA
2026-09-05T10:50:00,57,8,SYNTHETIC DEMO DATA
2026-09-05T10:55:00,67,6,SYNTHETIC DEMO DATA
2026-09-05T11:00:00,61,3,SYNTHETIC DEMO DATA
2026-09-05T11:05:00,58,7,SYNTHETIC DEMO DATA
2026-09-05T11:10:00,64,8,SYNTHETIC DEMO DATA
2026-09-05T11:15:00,68,8,SYNTHETIC DEMO DATA
2026-09-05T11:20:00,72,5,SYNTHETIC DEMO DATA
2026-09-05T11:25:00,80,7,SYNTHETIC DEMO DATA
2026-09-05T11:30:00,79,4,SYNTHETIC DEMO DATA
2026-09-05T11:35:00,89,5,SYNTHETIC DEMO DATA
2026-09-05T11:40:00,79,5,SYNTHETIC DEMO DATA
2026-09-05T11:45:00,90,12,SYNTHETIC DEMO DATA
2026-09-05T11:50:00,94,9,SYNTHETIC DEMO DATA
2026-09-05T11:55:00,84,7,SYNTHETIC DEMO DATA
2026-09-05T12:00:00,93,12,SYNTHETIC DEMO DATA
2026-09-05T12:05:00,110,11,SYNTHETIC DEMO DATA
2026-09-05T12:10:00,86,10,SYNTHETIC DEMO DATA
2026-09-05T12:15:00,97,12,SYNTHETIC DEMO DATA
2026-09-05T12:20:00,104,9,SYNTHETIC DEMO DATA
2026-09-05T12:25:00,105,15,SYNTHETIC DEMO DATA
2026-09-05T12:30:00,97,12,SYNTHETIC DEMO DATA
2026-09-05T12:35:00,87,8,SYNTHETIC DEMO DATA
2026-09-05T12:40:00,105,9,SYNTHETIC DEMO DATA
2026-09-05T12:45:00,107,6,SYNTHETIC DEMO DATA
2026-09-05T12:50:00,105,6,SYNTHETIC DEMO DATA
2026-09-05T12:55:00,106,14,SYNTHETIC DEMO DATA
2026-09-05T13:00:00,99,10,SYNTHETIC DEMO DATA
2026-09-05T13:05:00,101,12,SYNTHETIC DEMO DATA
2026-09-05T13:10:00,101,8,SYNTHETIC DEMO DATA
2026-09-05T13:15:00,87,12,SYNTHETIC DEMO DATA
2026-09-05T13:20:00,99,9,SYNTHETIC DEMO DATA
2026-09-05T13:25:00,94,7,SYNTHETIC DEMO DATA
2026-09-05T13:30:00,87,9,SYNTHETIC DEMO DATA
2026-09-05T13:35:00,100,6,SYNTHETIC DEMO DATA
2026-09-05T13:40:00,86,12,SYNTHETIC DEMO DATA
2026-09-05T13:45:00,83,7,SYNTHETIC DEMO DATA
2026-09-05T13:50:00,82,7,SYNTHETIC DEMO DATA
2026-09-05T13:55:00,87,10,SYNTHETIC DEMO DATA
2026-09-05T14:00:00,79,9,SYNTHETIC DEMO DATA
2026-09-05T14:05:00,70,5,SYNTHETIC DEMO DATA
2026-09-05T14:10:00,85,8,SYNTHETIC DEMO DATA
2026-09-05T14:15:00,84,10,SYNTHETIC DEMO DATA
2026-09-05T14:20:00,63,9,SYNTHETIC DEMO DATA
2026-09-05T14:25:00,76,9,SYNTHETIC DEMO DATA
2026-09-05T14:30:00,64,7,SYNTHETIC DEMO DATA
2026-09-05T14:35:00,80,8,SYNTHETIC DEMO DATA
2026-09-05T14:40:00,67,4,SYNTHETIC DEMO DATA
2026-09-05T14:45:00,80,7,SYNTHETIC DEMO DATA
2026-09-05T14:50:00,75,4,SYNTHETIC DEMO DATA
2026-09-05T14:55:00,63,6,SYNTHETIC DEMO DATA
2026-09-05T15:00:00,62,5,SYNTHETIC DEMO DATA
2026-09-05T15:05:00,67,4,SYNTHETIC DEMO DATA
2026-09-05T15:10:00,71,5,SYNTHETIC DEMO DATA
2026-09-05T15:15:00,83,6,SYNTHETIC DEMO DATA
2026-09-05T15:20:00,68,9,SYNTHETIC DEMO DATA
2026-09-05T15:25:00,67,5,SYNTHETIC DEMO DATA
2026-09-05T15:30:00,71,10,SYNTHETIC DEMO DATA
2026-09-05T15:35:00,70,5,SYNTHETIC DEMO DATA
2026-09-05T15:40:00,68,5,SYNTHETIC DEMO DATA
2026-09-05T15:45:00,70,4,SYNTHETIC DEMO DATA
2026-09-05T15:50:00,85,9,SYNTHETIC DEMO DATA
2026-09-05T15:55:00,67,6,SYNTHETIC DEMO DATA
2026-09-05T16:00:00,73,5,SYNTHETIC DEMO DATA
2026-09-05T16:05:00,76,11,SYNTHETIC DEMO DATA
2026-09-05T16:10:00,76,8,SYNTHETIC DEMO DATA
2026-09-05T16:15:00,77,10,SYNTHETIC DEMO DATA
2026-09-05T16:20:00,92,12,SYNTHETIC DEMO DATA
2026-09-05T16:25:00,82,11,SYNTHETIC DEMO DATA
2026-09-05T16:30:00,83,9,SYNTHETIC DEMO DATA
2026-09-05T16:35:00,89,10,SYNTHETIC DEMO DATA
2026-09-05T16:40:00,101,15,SYNTHETIC DEMO DATA
2026-09-05T16:45:00,89,11,SYNTHETIC DEMO DATA
2026-09-05T16:50:00,108,8,SYNTHETIC DEMO DATA
2026-09-05T16:55:00,108,9,SYNTHETIC DEMO DATA
2026-09-05T17:00:00,104,13,SYNTHETIC DEMO DATA
2026-09-05T17:05:00,107,10,SYNTHETIC DEMO DATA
2026-09-05T17:10:00,126,9,SYNTHETIC DEMO DATA
2026-09-05T17:15:00,89,8,SYNTHETIC DEMO DATA
2026-09-05T17:20:00,105,8,SYNTHETIC DEMO DATA
2026-09-05T17:25:00,107,8,SYNTHETIC DEMO DATA
2026-09-05T17:30:00,114,9,SYNTHETIC DEMO DATA
2026-09-05T17:35:00,108,12,SYNTHETIC DEMO DATA
2026-09-05T17:40:00,110,11,SYNTHETIC DEMO DATA
2026-09-05T17:45:00,110,8,SYNTHETIC DEMO DATA
2026-09-05T17:50:00,121,13,SYNTHETIC DEMO DATA
2026-09-05T17:55:00,120,12,SYNTHETIC DEMO DATA
2026-09-05T18:00:00,104,12,SYNTHETIC DEMO DATA
2026-09-05T18:05:00,115,6,SYNTHETIC DEMO DATA
2026-09-05T18:10:00,96,7,SYNTHETIC DEMO DATA
2026-09-05T18:15:00,104,9,SYNTHETIC DEMO DATA
2026-09-05T18:20:00,100,7,SYNTHETIC DEMO DATA
2026-09-05T18:25:00,104,9,SYNTHETIC DEMO DATA
2026-09-05T18:30:00,95,11,SYNTHETIC DEMO DATA
2026-09-05T18:35:00,105,9,SYNTHETIC DEMO DATA
2026-09-05T18:40:00,88,11,SYNTHETIC DEMO DATA
2026-09-05T18:45:00,96,6,SYNTHETIC DEMO DATA
2026-09-05T18:50:00,87,5,SYNTHETIC DEMO DATA
2026-09-05T18:55:00,86,11,SYNTHETIC DEMO DATA
2026-09-05T19:00:00,97,12,SYNTHETIC DEMO DATA
2026-09-05T19:05:00,76,5,SYNTHETIC DEMO DATA
2026-09-05T19:10:00,82,4,SYNTHETIC DEMO DATA
2026-09-05T19:15:00,73,9,SYNTHETIC DEMO DATA
2026-09-05T19:20:00,74,9,SYNTHETIC DEMO DATA
2026-09-05T19:25:00,81,7,SYNTHETIC DEMO DATA
2026-09-05T19:30:00,70,9,SYNTHETIC DEMO DATA
2026-09-05T19:35:00,64,5,SYNTHETIC DEMO DATA
2026-09-05T19:40:00,65,5,SYNTHETIC DEMO DATA
2026-09-05T19:45:00,61,6,SYNTHETIC DEMO DATA
2026-09-05T19:50:00,66,8,SYNTHETIC DEMO DATA
2026-09-05T19:55:00,63,3,SYNTHETIC DEMO DATA
2026-09-05T20:00:00,57,3,SYNTHETIC DEMO DATA
2026-09-05T20:05:00,65,9,SYNTHETIC DEMO DATA
2026-09-05T20:10:00,55,7,SYNTHETIC DEMO DATA
2026-09-05T20:15:00,44,4,SYNTHETIC DEMO DATA
2026-09-05T20:20:00,44,3,SYNTHETIC DEMO DATA
2026-09-05T20:25:00,40,2,SYNTHETIC DEMO DATA
2026-09-05T20:30:00,37,5,SYNTHETIC DEMO DATA
2026-09-05T20:35:00,44,6,SYNTHETIC DEMO DATA
2026-09-05T20:40:00,35,5,SYNTHETIC DEMO DATA
2026-09-05T20:45:00,32,3,SYNTHETIC DEMO DATA
2026-09-05T20:50:00,33,4,SYNTHETIC DEMO DATA
2026-09-05T20:55:00,29,4,SYNTHETIC DEMO DATA
2026-09-05T21:00:00,26,2,SYNTHETIC DEMO DATA
2026-09-05T21:05:00,27,2,SYNTHETIC DEMO DATA
2026-09-05T21:10:00,22,2,SYNTHETIC DEMO DATA
2026-09-05T21:15:00,21,1,SYNTHETIC DEMO DATA
2026-09-05T21:20:00,26,2,SYNTHETIC DEMO DATA
2026-09-05T21:25:00,26,4,SYNTHETIC DEMO DATA
2026-09-05T21:30:00,24,1,SYNTHETIC DEMO DATA
2026-09-05T21:35:00,24,2,SYNTHETIC DEMO DATA
2026-09-05T21:40:00,24,3,SYNTHETIC DEMO DATA
2026-09-05T21:45:00,22,3,SYNTHETIC DEMO DATA
2026-09-05T21:50:00,20,1,SYNTHETIC DEMO DATA
2026-09-05T21:55:00,21,2,SYNTHETIC DEMO DATA
2026-09-06T08:00:00,14,2,SYNTHETIC DEMO DATA
2026-09-06T08:05:00,17,2,SYNTHETIC DEMO DATA
2026-09-06T08:10:00,17,2,SYNTHETIC DEMO DATA
2026-09-06T08:15:00,18,2,SYNTHETIC DEMO DATA
2026-09-06T08:20:00,20,3,SYNTHETIC DEMO DATA
2026-09-06T08:25:00,21,2,SYNTHETIC DEMO DATA
2026-09-06T08:30:00,19,2,SYNTHETIC DEMO DATA
2026-09-06T08:35:00,21,1,SYNTHETIC DEMO DATA
2026-09-06T08:40:00,23,2,SYNTHETIC DEMO DATA
2026-09-06T08:45:00,20,2,SYNTHETIC DEMO DATA
2026-09-06T08:50:00,21,2,SYNTHETIC DEMO DATA
2026-09-06T08:55:00,24,1,SYNTHETIC DEMO DATA
2026-09-06T09:00:00,24,2,SYNTHETIC DEMO DATA
2026-09-06T09:05:00,23,2,SYNTHETIC DEMO DATA
2026-09-06T09:10:00,29,3,SYNTHETIC DEMO DATA
2026-09-06T09:15:00,28,2,SYNTHETIC DEMO DATA
2026-09-06T09:20:00,28,3,SYNTHETIC DEMO DATA
2026-09-06T09:25:00,37,4,SYNTHETIC DEMO DATA
2026-09-06T09:30:00,28,4,SYNTHETIC DEMO DATA
2026-09-06T09:35:00,36,5,SYNTHETIC DEMO DATA
2026-09-06T09:40:00,39,4,SYNTHETIC DEMO DATA
2026-09-06T09:45:00,40,4,SYNTHETIC DEMO DATA
2026-09-06T09:50:00,37,3,SYNTHETIC DEMO DATA
2026-09-06T09:55:00,44,5,SYNTHETIC DEMO DATA
2026-09-06T10:00:00,41,4,SYNTHETIC DEMO DATA
2026-09-06T10:05:00,47,4,SYNTHETIC DEMO DATA
2026-09-06T10:10:00,35,5,SYNTHETIC DEMO DATA
2026-09-06T10:15:00,48,6,SYNTHETIC DEMO DATA
2026-09-06T10:20:00,51,7,SYNTHETIC DEMO DATA
2026-09-06T10:25:00,48,6,SYNTHETIC DEMO DATA
2026-09-06T10:30:00,49,5,SYNTHETIC DEMO DATA
2026-09-06T10:35:00,49,6,SYNTHETIC DEMO DATA
2026-09-06T10:40:00,65,7,SYNTHETIC DEMO DATA
2026-09-06T10:45:00,50,5,SYNTHETIC DEMO DATA
2026-09-06T10:50:00,59,4,SYNTHETIC DEMO DATA
2026-09-06T10:55:00,69,9,SYNTHETIC DEMO DATA
2026-09-06T11:00:00,66,5,SYNTHETIC DEMO DATA
2026-09-06T11:05:00,57,6,SYNTHETIC DEMO DATA
2026-09-06T11:10:00,70,6,SYNTHETIC DEMO DATA
2026-09-06T11:15:00,65,8,SYNTHETIC DEMO DATA
2026-09-06T11:20:00,73,10,SYNTHETIC DEMO DATA
2026-09-06T11:25:00,83,7,SYNTHETIC DEMO DATA
2026-09-06T11:30:00,72,10,SYNTHETIC DEMO DATA
2026-09-06T11:35:00,90,13,SYNTHETIC DEMO DATA
2026-09-06T11:40:00,81,5,SYNTHETIC DEMO DATA
2026-09-06T11:45:00,77,7,SYNTHETIC DEMO DATA
2026-09-06T11:50:00,84,8,SYNTHETIC DEMO DATA
2026-09-06T11:55:00,97,7,SYNTHETIC DEMO DATA
2026-09-06T12:00:00,103,12,SYNTHETIC DEMO DATA
2026-09-06T12:05:00,91,11,SYNTHETIC DEMO DATA
2026-09-06T12:10:00,96,12,SYNTHETIC DEMO DATA
2026-09-06T12:15:00,76,10,SYNTHETIC DEMO DATA
2026-09-06T12:20:00,95,6,SYNTHETIC DEMO DATA
2026-09-06T12:25:00,97,12,SYNTHETIC DEMO DATA
2026-09-06T12:30:00,106,6,SYNTHETIC DEMO DATA
2026-09-06T12:35:00,103,9,SYNTHETIC DEMO DATA
2026-09-06T12:40:00,91,7,SYNTHETIC DEMO DATA
2026-09-06T12:45:00,96,5,SYNTHETIC DEMO DATA
2026-09-06T12:50:00,89,13,SYNTHETIC DEMO DATA
2026-09-06T12:55:00,98,9,SYNTHETIC DEMO DATA
2026-09-06T13:00:00,104,15,SYNTHETIC DEMO DATA
2026-09-06T13:05:00,98,14,SYNTHETIC DEMO DATA
2026-09-06T13:10:00,108,11,SYNTHETIC DEMO DATA
2026-09-06T13:15:00,90,9,SYNTHETIC DEMO DATA
2026-09-06T13:20:00,98,12,SYNTHETIC DEMO DATA
2026-09-06T13:25:00,91,10,SYNTHETIC DEMO DATA
2026-09-06T13:30:00,78,7,SYNTHETIC DEMO DATA
2026-09-06T13:35:00,95,7,SYNTHETIC DEMO DATA
2026-09-06T13:40:00,88,10,SYNTHETIC DEMO DATA
2026-09-06T13:45:00,87,6,SYNTHETIC DEMO DATA
2026-09-06T13:50:00,86,13,SYNTHETIC DEMO DATA
2026-09-06T13:55:00,75,7,SYNTHETIC DEMO DATA
2026-09-06T14:00:00,81,9,SYNTHETIC DEMO DATA
2026-09-06T14:05:00,80,9,SYNTHETIC DEMO DATA
2026-09-06T14:10:00,77,9,SYNTHETIC DEMO DATA
2026-09-06T14:15:00,73,6,SYNTHETIC DEMO DATA
2026-09-06T14:20:00,81,11,SYNTHETIC DEMO DATA
2026-09-06T14:25:00,65,7,SYNTHETIC DEMO DATA
2026-09-06T14:30:00,73,6,SYNTHETIC DEMO DATA
2026-09-06T14:35:00,74,10,SYNTHETIC DEMO DATA
2026-09-06T14:40:00,74,7,SYNTHETIC DEMO DATA
2026-09-06T14:45:00,76,9,SYNTHETIC DEMO DATA
2026-09-06T14:50:00,85,13,SYNTHETIC DEMO DATA
2026-09-06T14:55:00,70,5,SYNTHETIC DEMO DATA
2026-09-06T15:00:00,63,7,SYNTHETIC DEMO DATA
2026-09-06T15:05:00,72,9,SYNTHETIC DEMO DATA
2026-09-06T15:10:00,70,9,SYNTHETIC DEMO DATA
2026-09-06T15:15:00,79,8,SYNTHETIC DEMO DATA
2026-09-06T15:20:00,64,4,SYNTHETIC DEMO DATA
2026-09-06T15:25:00,71,5,SYNTHETIC DEMO DATA
2026-09-06T15:30:00,72,11,SYNTHETIC DEMO DATA
2026-09-06T15:35:00,75,10,SYNTHETIC DEMO DATA
2026-09-06T15:40:00,62,4,SYNTHETIC DEMO DATA
2026-09-06T15:45:00,79,6,SYNTHETIC DEMO DATA
2026-09-06T15:50:00,67,4,SYNTHETIC DEMO DATA
2026-09-06T15:55:00,75,4,SYNTHETIC DEMO DATA
2026-09-06T16:00:00,74,4,SYNTHETIC DEMO DATA
2026-09-06T16:05:00,79,5,SYNTHETIC DEMO DATA
2026-09-06T16:10:00,79,6,SYNTHETIC DEMO DATA
2026-09-06T16:15:00,86,11,SYNTHETIC DEMO DATA
2026-09-06T16:20:00,86,5,SYNTHETIC DEMO DATA
2026-09-06T16:25:00,87,12,SYNTHETIC DEMO DATA
2026-09-06T16:30:00,82,12,SYNTHETIC DEMO DATA
2026-09-06T16:35:00,76,7,SYNTHETIC DEMO DATA
2026-09-06T16:40:00,78,6,SYNTHETIC DEMO DATA
2026-09-06T16:45:00,96,9,SYNTHETIC DEMO DATA
2026-09-06T16:50:00,101,8,SYNTHETIC DEMO DATA
2026-09-06T16:55:00,98,10,SYNTHETIC DEMO DATA
2026-09-06T17:00:00,107,11,SYNTHETIC DEMO DATA
2026-09-06T17:05:00,115,15,SYNTHETIC DEMO DATA
2026-09-06T17:10:00,106,12,SYNTHETIC DEMO DATA
2026-09-06T17:15:00,106,6,SYNTHETIC DEMO DATA
2026-09-06T17:20:00,117,17,SYNTHETIC DEMO DATA
2026-09-06T17:25:00,116,10,SYNTHETIC DEMO DATA
2026-09-06T17:30:00,115,7,SYNTHETIC DEMO DATA
2026-09-06T17:35:00,112,16,SYNTHETIC DEMO DATA
2026-09-06T17:40:00,108,13,SYNTHETIC DEMO DATA
2026-09-06T17:45:00,115,13,SYNTHETIC DEMO DATA
2026-09-06T17:50:00,104,9,SYNTHETIC DEMO DATA
2026-09-06T17:55:00,100,6,SYNTHETIC DEMO DATA
2026-09-06T18:00:00,129,15,SYNTHETIC DEMO DATA
2026-09-06T18:05:00,120,8,SYNTHETIC DEMO DATA
2026-09-06T18:10:00,104,13,SYNTHETIC DEMO DATA
2026-09-06T18:15:00,112,12,SYNTHETIC DEMO DATA
2026-09-06T18:20:00,110,6,SYNTHETIC DEMO DATA
2026-09-06T18:25:00,111,8,SYNTHETIC DEMO DATA
2026-09-06T18:30:00,90,11,SYNTHETIC DEMO DATA
2026-09-06T18:35:00,94,10,SYNTHETIC DEMO DATA
2026-09-06T18:40:00,95,12,SYNTHETIC DEMO DATA
2026-09-06T18:45:00,88,7,SYNTHETIC DEMO DATA
2026-09-06T18:50:00,84,8,SYNTHETIC DEMO DATA
2026-09-06T18:55:00,88,9,SYNTHETIC DEMO DATA
2026-09-06T19:00:00,89,10,SYNTHETIC DEMO DATA
2026-09-06T19:05:00,83,11,SYNTHETIC DEMO DATA
2026-09-06T19:10:00,87,13,SYNTHETIC DEMO DATA
2026-09-06T19:15:00,73,10,SYNTHETIC DEMO DATA
2026-09-06T19:20:00,84,11,SYNTHETIC DEMO DATA
2026-09-06T19:25:00,64,9,SYNTHETIC DEMO DATA
2026-09-06T19:30:00,76,8,SYNTHETIC DEMO DATA
2026-09-06T19:35:00,70,10,SYNTHETIC DEMO DATA
2026-09-06T19:40:00,60,5,SYNTHETIC DEMO DATA
2026-09-06T19:45:00,62,7,SYNTHETIC DEMO DATA
2026-09-06T19:50:00,61,4,SYNTHETIC DEMO DATA
2026-09-06T19:55:00,58,4,SYNTHETIC DEMO DATA
2026-09-06T20:00:00,57,6,SYNTHETIC DEMO DATA
2026-09-06T20:05:00,60,4,SYNTHETIC DEMO DATA
2026-09-06T20:10:00,47,4,SYNTHETIC DEMO DATA
2026-09-06T20:15:00,44,2,SYNTHETIC DEMO DATA
2026-09-06T20:20:00,43,4,SYNTHETIC DEMO DATA
2026-09-06T20:25:00,45,6,SYNTHETIC DEMO DATA
2026-09-06T20:30:00,38,3,SYNTHETIC DEMO DATA
2026-09-06T20:35:00,39,2,SYNTHETIC DEMO DATA
2026-09-06T20:40:00,34,5,SYNTHETIC DEMO DATA
2026-09-06T20:45:00,34,2,SYNTHETIC DEMO DATA
2026-09-06T20:50:00,31,2,SYNTHETIC DEMO DATA
2026-09-06T20:55:00,25,2,SYNTHETIC DEMO DATA
2026-09-06T21:00:00,21,2,SYNTHETIC DEMO DATA
2026-09-06T21:05:00,26,3,SYNTHETIC DEMO DATA
2026-09-06T21:10:00,28,4,SYNTHETIC DEMO DATA
2026-09-06T21:15:00,25,3,SYNTHETIC DEMO DATA
2026-09-06T21:20:00,22,3,SYNTHETIC DEMO DATA
2026-09-06T21:25:00,23,1,SYNTHETIC DEMO DATA
2026-09-06T21:30:00,28,4,SYNTHETIC DEMO DATA
2026-09-06T21:35:00,29,2,SYNTHETIC DEMO DATA
2026-09-06T21:40:00,25,3,SYNTHETIC DEMO DATA
2026-09-06T21:45:00,25,3,SYNTHETIC DEMO DATA
2026-09-06T21:50:00,26,1,SYNTHETIC DEMO DATA
2026-09-06T21:55:00,28,3,SYNTHETIC DEMO DATA
2026-09-07T08:00:00,11,1,SYNTHETIC DEMO DATA
2026-09-07T08:05:00,13,1,SYNTHETIC DEMO DATA
2026-09-07T08:10:00,13,1,SYNTHETIC DEMO DATA
2026-09-07T08:15:00,13,2,SYNTHETIC DEMO DATA
2026-09-07T08:20:00,15,2,SYNTHETIC DEMO DATA
2026-09-07T08:25:00,16,2,SYNTHETIC DEMO DATA
2026-09-07T08:30:00,16,2,SYNTHETIC DEMO DATA
2026-09-07T08:35:00,18,2,SYNTHETIC DEMO DATA
2026-09-07T08:40:00,19,1,SYNTHETIC DEMO DATA
2026-09-07T08:45:00,17,2,SYNTHETIC DEMO DATA
2026-09-07T08:50:00,18,2,SYNTHETIC DEMO DATA
2026-09-07T08:55:00,21,2,SYNTHETIC DEMO DATA
2026-09-07T09:00:00,19,2,SYNTHETIC DEMO DATA
2026-09-07T09:05:00,17,2,SYNTHETIC DEMO DATA
2026-09-07T09:10:00,23,3,SYNTHETIC DEMO DATA
2026-09-07T09:15:00,22,2,SYNTHETIC DEMO DATA
2026-09-07T09:20:00,24,3,SYNTHETIC DEMO DATA
2026-09-07T09:25:00,23,2,SYNTHETIC DEMO DATA
2026-09-07T09:30:00,29,3,SYNTHETIC DEMO DATA
2026-09-07T09:35:00,29,4,SYNTHETIC DEMO DATA
2026-09-07T09:40:00,30,2,SYNTHETIC DEMO DATA
2026-09-07T09:45:00,30,4,SYNTHETIC DEMO DATA
2026-09-07T09:50:00,31,2,SYNTHETIC DEMO DATA
2026-09-07T09:55:00,34,5,SYNTHETIC DEMO DATA
2026-09-07T10:00:00,38,3,SYNTHETIC DEMO DATA
2026-09-07T10:05:00,38,3,SYNTHETIC DEMO DATA
2026-09-07T10:10:00,42,2,SYNTHETIC DEMO DATA
2026-09-07T10:15:00,39,4,SYNTHETIC DEMO DATA
2026-09-07T10:20:00,46,2,SYNTHETIC DEMO DATA
2026-09-07T10:25:00,34,4,SYNTHETIC DEMO DATA
2026-09-07T10:30:00,44,7,SYNTHETIC DEMO DATA
2026-09-07T10:35:00,49,7,SYNTHETIC DEMO DATA
2026-09-07T10:40:00,46,6,SYNTHETIC DEMO DATA
2026-09-07T10:45:00,50,3,SYNTHETIC DEMO DATA
2026-09-07T10:50:00,43,4,SYNTHETIC DEMO DATA
2026-09-07T10:55:00,49,4,SYNTHETIC DEMO DATA
2026-09-07T11:00:00,45,6,SYNTHETIC DEMO DATA
2026-09-07T11:05:00,47,4,SYNTHETIC DEMO DATA
2026-09-07T11:10:00,51,7,SYNTHETIC DEMO DATA
2026-09-07T11:15:00,48,5,SYNTHETIC DEMO DATA
2026-09-07T11:20:00,59,8,SYNTHETIC DEMO DATA
2026-09-07T11:25:00,67,4,SYNTHETIC DEMO DATA
2026-09-07T11:30:00,63,5,SYNTHETIC DEMO DATA
2026-09-07T11:35:00,59,5,SYNTHETIC DEMO DATA
2026-09-07T11:40:00,70,7,SYNTHETIC DEMO DATA
2026-09-07T11:45:00,65,7,SYNTHETIC DEMO DATA
2026-09-07T11:50:00,74,5,SYNTHETIC DEMO DATA
2026-09-07T11:55:00,72,8,SYNTHETIC DEMO DATA
2026-09-07T12:00:00,77,5,SYNTHETIC DEMO DATA
2026-09-07T12:05:00,72,6,SYNTHETIC DEMO DATA
2026-09-07T12:10:00,70,5,SYNTHETIC DEMO DATA
2026-09-07T12:15:00,65,4,SYNTHETIC DEMO DATA
2026-09-07T12:20:00,82,10,SYNTHETIC DEMO DATA
2026-09-07T12:25:00,82,10,SYNTHETIC DEMO DATA
2026-09-07T12:30:00,75,11,SYNTHETIC DEMO DATA
2026-09-07T12:35:00,69,6,SYNTHETIC DEMO DATA
2026-09-07T12:40:00,93,7,SYNTHETIC DEMO DATA
2026-09-07T12:45:00,72,7,SYNTHETIC DEMO DATA
2026-09-07T12:50:00,85,13,SYNTHETIC DEMO DATA
2026-09-07T12:55:00,65,7,SYNTHETIC DEMO DATA
2026-09-07T13:00:00,90,8,SYNTHETIC DEMO DATA
2026-09-07T13:05:00,80,12,SYNTHETIC DEMO DATA
2026-09-07T13:10:00,67,8,SYNTHETIC DEMO DATA
2026-09-07T13:15:00,78,9,SYNTHETIC DEMO DATA
2026-09-07T13:20:00,73,11,SYNTHETIC DEMO DATA
2026-09-07T13:25:00,75,5,SYNTHETIC DEMO DATA
2026-09-07T13:30:00,78,5,SYNTHETIC DEMO DATA
2026-09-07T13:35:00,77,8,SYNTHETIC DEMO DATA
2026-09-07T13:40:00,68,8,SYNTHETIC DEMO DATA
2026-09-07T13:45:00,78,5,SYNTHETIC DEMO DATA
2026-09-07T13:50:00,71,7,SYNTHETIC DEMO DATA
2026-09-07T13:55:00,65,8,SYNTHETIC DEMO DATA
2026-09-07T14:00:00,71,10,SYNTHETIC DEMO DATA
2026-09-07T14:05:00,58,4,SYNTHETIC DEMO DATA
2026-09-07T14:10:00,64,9,SYNTHETIC DEMO DATA
2026-09-07T14:15:00,69,4,SYNTHETIC DEMO DATA
2026-09-07T14:20:00,58,5,SYNTHETIC DEMO DATA
2026-09-07T14:25:00,61,3,SYNTHETIC DEMO DATA
2026-09-07T14:30:00,57,6,SYNTHETIC DEMO DATA
2026-09-07T14:35:00,58,6,SYNTHETIC DEMO DATA
2026-09-07T14:40:00,61,5,SYNTHETIC DEMO DATA
2026-09-07T14:45:00,56,3,SYNTHETIC DEMO DATA
2026-09-07T14:50:00,60,4,SYNTHETIC DEMO DATA
2026-09-07T14:55:00,53,4,SYNTHETIC DEMO DATA
2026-09-07T15:00:00,59,5,SYNTHETIC DEMO DATA
2026-09-07T15:05:00,53,4,SYNTHETIC DEMO DATA
2026-09-07T15:10:00,51,3,SYNTHETIC DEMO DATA
2026-09-07T15:15:00,48,7,SYNTHETIC DEMO DATA
2026-09-07T15:20:00,50,7,SYNTHETIC DEMO DATA
2026-09-07T15:25:00,53,5,SYNTHETIC DEMO DATA
2026-09-07T15:30:00,64,6,SYNTHETIC DEMO DATA
2026-09-07T15:35:00,63,8,SYNTHETIC DEMO DATA
2026-09-07T15:40:00,57,4,SYNTHETIC DEMO DATA
2026-09-07T15:45:00,57,7,SYNTHETIC DEMO DATA
2026-09-07T15:50:00,55,4,SYNTHETIC DEMO DATA
2026-09-07T15:55:00,64,7,SYNTHETIC DEMO DATA
2026-09-07T16:00:00,63,5,SYNTHETIC DEMO DATA
2026-09-07T16:05:00,60,7,SYNTHETIC DEMO DATA
2026-09-07T16:10:00,63,7,SYNTHETIC DEMO DATA
2026-09-07T16:15:00,71,7,SYNTHETIC DEMO DATA
2026-09-07T16:20:00,73,5,SYNTHETIC DEMO DATA
2026-09-07T16:25:00,65,7,SYNTHETIC DEMO DATA
2026-09-07T16:30:00,77,5,SYNTHETIC DEMO DATA
2026-09-07T16:35:00,69,8,SYNTHETIC DEMO DATA
2026-09-07T16:40:00,74,7,SYNTHETIC DEMO DATA
2026-09-07T16:45:00,75,10,SYNTHETIC DEMO DATA
2026-09-07T16:50:00,82,7,SYNTHETIC DEMO DATA
2026-09-07T16:55:00,87,6,SYNTHETIC DEMO DATA
2026-09-07T17:00:00,88,5,SYNTHETIC DEMO DATA
2026-09-07T17:05:00,81,8,SYNTHETIC DEMO DATA
2026-09-07T17:10:00,85,6,SYNTHETIC DEMO DATA
2026-09-07T17:15:00,68,9,SYNTHETIC DEMO DATA
2026-09-07T17:20:00,87,12,SYNTHETIC DEMO DATA
2026-09-07T17:25:00,92,7,SYNTHETIC DEMO DATA
2026-09-07T17:30:00,100,8,SYNTHETIC DEMO DATA
2026-09-07T17:35:00,92,13,SYNTHETIC DEMO DATA
2026-09-07T17:40:00,79,9,SYNTHETIC DEMO DATA
2026-09-07T17:45:00,89,8,SYNTHETIC DEMO DATA
2026-09-07T17:50:00,95,11,SYNTHETIC DEMO DATA
2026-09-07T17:55:00,90,7,SYNTHETIC DEMO DATA
2026-09-07T18:00:00,92,13,SYNTHETIC DEMO DATA
2026-09-07T18:05:00,88,5,SYNTHETIC DEMO DATA
2026-09-07T18:10:00,90,8,SYNTHETIC DEMO DATA
2026-09-07T18:15:00,84,11,SYNTHETIC DEMO DATA
2026-09-07T18:20:00,66,10,SYNTHETIC DEMO DATA
2026-09-07T18:25:00,90,9,SYNTHETIC DEMO DATA
2026-09-07T18:30:00,76,4,SYNTHETIC DEMO DATA
2026-09-07T18:35:00,82,10,SYNTHETIC DEMO DATA
2026-09-07T18:40:00,71,8,SYNTHETIC DEMO DATA
2026-09-07T18:45:00,74,11,SYNTHETIC DEMO DATA
2026-09-07T18:50:00,77,11,SYNTHETIC DEMO DATA
2026-09-07T18:55:00,71,6,SYNTHETIC DEMO DATA
2026-09-07T19:00:00,70,4,SYNTHETIC DEMO DATA
2026-09-07T19:05:00,65,5,SYNTHETIC DEMO DATA
2026-09-07T19:10:00,65,8,SYNTHETIC DEMO DATA
2026-09-07T19:15:00,64,8,SYNTHETIC DEMO DATA
2026-09-07T19:20:00,62,8,SYNTHETIC DEMO DATA
2026-09-07T19:25:00,52,4,SYNTHETIC DEMO DATA
2026-09-07T19:30:00,57,5,SYNTHETIC DEMO DATA
2026-09-07T19:35:00,56,3,SYNTHETIC DEMO DATA
2026-09-07T19:40:00,56,6,SYNTHETIC DEMO DATA
2026-09-07T19:45:00,53,4,SYNTHETIC DEMO DATA
2026-09-07T19:50:00,52,7,SYNTHETIC DEMO DATA
2026-09-07T19:55:00,42,5,SYNTHETIC DEMO DATA
2026-09-07T20:00:00,46,4,SYNTHETIC DEMO DATA
2026-09-07T20:05:00,42,2,SYNTHETIC DEMO DATA
2026-09-07T20:10:00,44,4,SYNTHETIC DEMO DATA
2026-09-07T20:15:00,39,4,SYNTHETIC DEMO DATA
2026-09-07T20:20:00,35,5,SYNTHETIC DEMO DATA
2026-09-07T20:25:00,37,5,SYNTHETIC DEMO DATA
2026-09-07T20:30:00,33,3,SYNTHETIC DEMO DATA
2026-09-07T20:35:00,31,4,SYNTHETIC DEMO DATA
2026-09-07T20:40:00,30,4,SYNTHETIC DEMO DATA
2026-09-07T20:45:00,25,3,SYNTHETIC DEMO DATA
2026-09-07T20:50:00,23,3,SYNTHETIC DEMO DATA
2026-09-07T20:55:00,21,3,SYNTHETIC DEMO DATA
2026-09-07T21:00:00,21,1,SYNTHETIC DEMO DATA
2026-09-07T21:05:00,20,3,SYNTHETIC DEMO DATA
2026-09-07T21:10:00,19,2,SYNTHETIC DEMO DATA
2026-09-07T21:15:00,18,2,SYNTHETIC DEMO DATA
2026-09-07T21:20:00,21,1,SYNTHETIC DEMO DATA
2026-09-07T21:25:00,22,2,SYNTHETIC DEMO DATA
2026-09-07T21:30:00,20,2,SYNTHETIC DEMO DATA
2026-09-07T21:35:00,20,2,SYNTHETIC DEMO DATA
2026-09-07T21:40:00,20,3,SYNTHETIC DEMO DATA
2026-09-07T21:45:00,21,2,SYNTHETIC DEMO DATA
2026-09-07T21:50:00,20,1,SYNTHETIC DEMO DATA
2026-09-07T21:55:00,18,2,SYNTHETIC DEMO DATA
2026-09-08T08:00:00,12,1,SYNTHETIC DEMO DATA
2026-09-08T08:05:00,12,1,SYNTHETIC DEMO DATA
2026-09-08T08:10:00,12,1,SYNTHETIC DEMO DATA
2026-09-08T08:15:00,13,1,SYNTHETIC DEMO DATA
2026-09-08T08:20:00,15,1,SYNTHETIC DEMO DATA
2026-09-08T08:25:00,14,2,SYNTHETIC DEMO DATA
2026-09-08T08:30:00,17,2,SYNTHETIC DEMO DATA
2026-09-08T08:35:00,20,1,SYNTHETIC DEMO DATA
2026-09-08T08:40:00,18,2,SYNTHETIC DEMO DATA
2026-09-08T08:45:00,17,2,SYNTHETIC DEMO DATA
2026-09-08T08:50:00,18,2,SYNTHETIC DEMO DATA
2026-09-08T08:55:00,19,3,SYNTHETIC DEMO DATA
2026-09-08T09:00:00,19,2,SYNTHETIC DEMO DATA
2026-09-08T09:05:00,21,2,SYNTHETIC DEMO DATA
2026-09-08T09:10:00,21,1,SYNTHETIC DEMO DATA
2026-09-08T09:15:00,24,2,SYNTHETIC DEMO DATA
2026-09-08T09:20:00,28,4,SYNTHETIC DEMO DATA
2026-09-08T09:25:00,27,2,SYNTHETIC DEMO DATA
2026-09-08T09:30:00,27,2,SYNTHETIC DEMO DATA
2026-09-08T09:35:00,26,3,SYNTHETIC DEMO DATA
2026-09-08T09:40:00,30,4,SYNTHETIC DEMO DATA
2026-09-08T09:45:00,33,4,SYNTHETIC DEMO DATA
2026-09-08T09:50:00,30,2,SYNTHETIC DEMO DATA
2026-09-08T09:55:00,37,3,SYNTHETIC DEMO DATA
2026-09-08T10:00:00,34,5,SYNTHETIC DEMO DATA
2026-09-08T10:05:00,37,4,SYNTHETIC DEMO DATA
2026-09-08T10:10:00,35,2,SYNTHETIC DEMO DATA
2026-09-08T10:15:00,39,6,SYNTHETIC DEMO DATA
2026-09-08T10:20:00,48,6,SYNTHETIC DEMO DATA
2026-09-08T10:25:00,38,4,SYNTHETIC DEMO DATA
2026-09-08T10:30:00,40,4,SYNTHETIC DEMO DATA
2026-09-08T10:35:00,45,5,SYNTHETIC DEMO DATA
2026-09-08T10:40:00,48,6,SYNTHETIC DEMO DATA
2026-09-08T10:45:00,51,6,SYNTHETIC DEMO DATA
2026-09-08T10:50:00,50,3,SYNTHETIC DEMO DATA
2026-09-08T10:55:00,49,4,SYNTHETIC DEMO DATA
2026-09-08T11:00:00,50,5,SYNTHETIC DEMO DATA
2026-09-08T11:05:00,54,6,SYNTHETIC DEMO DATA
2026-09-08T11:10:00,57,3,SYNTHETIC DEMO DATA
2026-09-08T11:15:00,51,4,SYNTHETIC DEMO DATA
2026-09-08T11:20:00,71,9,SYNTHETIC DEMO DATA
2026-09-08T11:25:00,62,5,SYNTHETIC DEMO DATA
2026-09-08T11:30:00,58,7,SYNTHETIC DEMO DATA
2026-09-08T11:35:00,56,5,SYNTHETIC DEMO DATA
2026-09-08T11:40:00,71,8,SYNTHETIC DEMO DATA
2026-09-08T11:45:00,70,10,SYNTHETIC DEMO DATA
2026-09-08T11:50:00,67,4,SYNTHETIC DEMO DATA
2026-09-08T11:55:00,74,4,SYNTHETIC DEMO DATA
2026-09-08T12:00:00,75,8,SYNTHETIC DEMO DATA
2026-09-08T12:05:00,80,6,SYNTHETIC DEMO DATA
2026-09-08T12:10:00,78,5,SYNTHETIC DEMO DATA
2026-09-08T12:15:00,78,11,SYNTHETIC DEMO DATA
2026-09-08T12:20:00,77,5,SYNTHETIC DEMO DATA
2026-09-08T12:25:00,76,6,SYNTHETIC DEMO DATA
2026-09-08T12:30:00,70,7,SYNTHETIC DEMO DATA
2026-09-08T12:35:00,84,7,SYNTHETIC DEMO DATA
2026-09-08T12:40:00,84,10,SYNTHETIC DEMO DATA
2026-09-08T12:45:00,77,8,SYNTHETIC DEMO DATA
2026-09-08T12:50:00,81,6,SYNTHETIC DEMO DATA
2026-09-08T12:55:00,85,7,SYNTHETIC DEMO DATA
2026-09-08T13:00:00,80,5,SYNTHETIC DEMO DATA
2026-09-08T13:05:00,79,7,SYNTHETIC DEMO DATA
2026-09-08T13:10:00,76,10,SYNTHETIC DEMO DATA
2026-09-08T13:15:00,66,9,SYNTHETIC DEMO DATA
2026-09-08T13:20:00,75,8,SYNTHETIC DEMO DATA
2026-09-08T13:25:00,77,8,SYNTHETIC DEMO DATA
2026-09-08T13:30:00,75,5,SYNTHETIC DEMO DATA
2026-09-08T13:35:00,78,9,SYNTHETIC DEMO DATA
2026-09-08T13:40:00,63,8,SYNTHETIC DEMO DATA
2026-09-08T13:45:00,77,9,SYNTHETIC DEMO DATA
2026-09-08T13:50:00,64,5,SYNTHETIC DEMO DATA
2026-09-08T13:55:00,64,7,SYNTHETIC DEMO DATA
2026-09-08T14:00:00,65,3,SYNTHETIC DEMO DATA
2026-09-08T14:05:00,62,6,SYNTHETIC DEMO DATA
2026-09-08T14:10:00,64,9,SYNTHETIC DEMO DATA
2026-09-08T14:15:00,58,5,SYNTHETIC DEMO DATA
2026-09-08T14:20:00,60,6,SYNTHETIC DEMO DATA
2026-09-08T14:25:00,56,8,SYNTHETIC DEMO DATA
2026-09-08T14:30:00,63,8,SYNTHETIC DEMO DATA
2026-09-08T14:35:00,58,5,SYNTHETIC DEMO DATA
2026-09-08T14:40:00,54,5,SYNTHETIC DEMO DATA
2026-09-08T14:45:00,61,4,SYNTHETIC DEMO DATA
2026-09-08T14:50:00,60,4,SYNTHETIC DEMO DATA
2026-09-08T14:55:00,51,4,SYNTHETIC DEMO DATA
2026-09-08T15:00:00,52,6,SYNTHETIC DEMO DATA
2026-09-08T15:05:00,58,8,SYNTHETIC DEMO DATA
2026-09-08T15:10:00,48,3,SYNTHETIC DEMO DATA
2026-09-08T15:15:00,56,4,SYNTHETIC DEMO DATA
2026-09-08T15:20:00,48,4,SYNTHETIC DEMO DATA
2026-09-08T15:25:00,48,4,SYNTHETIC DEMO DATA
2026-09-08T15:30:00,57,5,SYNTHETIC DEMO DATA
2026-09-08T15:35:00,48,5,SYNTHETIC DEMO DATA
2026-09-08T15:40:00,54,4,SYNTHETIC DEMO DATA
2026-09-08T15:45:00,58,8,SYNTHETIC DEMO DATA
2026-09-08T15:50:00,64,5,SYNTHETIC DEMO DATA
2026-09-08T15:55:00,51,7,SYNTHETIC DEMO DATA
2026-09-08T16:00:00,63,8,SYNTHETIC DEMO DATA
2026-09-08T16:05:00,64,6,SYNTHETIC DEMO DATA
2026-09-08T16:10:00,63,5,SYNTHETIC DEMO DATA
2026-09-08T16:15:00,61,7,SYNTHETIC DEMO DATA
2026-09-08T16:20:00,72,7,SYNTHETIC DEMO DATA
2026-09-08T16:25:00,81,8,SYNTHETIC DEMO DATA
2026-09-08T16:30:00,71,8,SYNTHETIC DEMO DATA
2026-09-08T16:35:00,82,9,SYNTHETIC DEMO DATA
2026-09-08T16:40:00,70,8,SYNTHETIC DEMO DATA
2026-09-08T16:45:00,83,7,SYNTHETIC DEMO DATA
2026-09-08T16:50:00,85,7,SYNTHETIC DEMO DATA
2026-09-08T16:55:00,65,6,SYNTHETIC DEMO DATA
2026-09-08T17:00:00,76,5,SYNTHETIC DEMO DATA
2026-09-08T17:05:00,88,13,SYNTHETIC DEMO DATA
2026-09-08T17:10:00,80,6,SYNTHETIC DEMO DATA
2026-09-08T17:15:00,76,6,SYNTHETIC DEMO DATA
2026-09-08T17:20:00,91,9,SYNTHETIC DEMO DATA
2026-09-08T17:25:00,101,14,SYNTHETIC DEMO DATA
2026-09-08T17:30:00,74,8,SYNTHETIC DEMO DATA
2026-09-08T17:35:00,80,10,SYNTHETIC DEMO DATA
2026-09-08T17:40:00,87,10,SYNTHETIC DEMO DATA
2026-09-08T17:45:00,92,13,SYNTHETIC DEMO DATA
2026-09-08T17:50:00,85,7,SYNTHETIC DEMO DATA
2026-09-08T17:55:00,99,7,SYNTHETIC DEMO DATA
2026-09-08T18:00:00,79,5,SYNTHETIC DEMO DATA
2026-09-08T18:05:00,90,5,SYNTHETIC DEMO DATA
2026-09-08T18:10:00,83,8,SYNTHETIC DEMO DATA
2026-09-08T18:15:00,76,9,SYNTHETIC DEMO DATA
2026-09-08T18:20:00,87,8,SYNTHETIC DEMO DATA
2026-09-08T18:25:00,72,10,SYNTHETIC DEMO DATA
2026-09-08T18:30:00,75,8,SYNTHETIC DEMO DATA
2026-09-08T18:35:00,75,5,SYNTHETIC DEMO DATA
2026-09-08T18:40:00,72,4,SYNTHETIC DEMO DATA
2026-09-08T18:45:00,78,4,SYNTHETIC DEMO DATA
2026-09-08T18:50:00,68,10,SYNTHETIC DEMO DATA
2026-09-08T18:55:00,70,10,SYNTHETIC DEMO DATA
2026-09-08T19:00:00,59,4,SYNTHETIC DEMO DATA
2026-09-08T19:05:00,74,5,SYNTHETIC DEMO DATA
2026-09-08T19:10:00,63,4,SYNTHETIC DEMO DATA
2026-09-08T19:15:00,69,9,SYNTHETIC DEMO DATA
2026-09-08T19:20:00,59,7,SYNTHETIC DEMO DATA
2026-09-08T19:25:00,59,8,SYNTHETIC DEMO DATA
2026-09-08T19:30:00,60,6,SYNTHETIC DEMO DATA
2026-09-08T19:35:00,60,7,SYNTHETIC DEMO DATA
2026-09-08T19:40:00,49,6,SYNTHETIC DEMO DATA
2026-09-08T19:45:00,50,4,SYNTHETIC DEMO DATA
2026-09-08T19:50:00,54,6,SYNTHETIC DEMO DATA
2026-09-08T19:55:00,46,4,SYNTHETIC DEMO DATA
2026-09-08T20:00:00,43,5,SYNTHETIC DEMO DATA
2026-09-08T20:05:00,41,3,SYNTHETIC DEMO DATA
2026-09-08T20:10:00,47,6,SYNTHETIC DEMO DATA
2026-09-08T20:15:00,39,3,SYNTHETIC DEMO DATA
2026-09-08T20:20:00,36,5,SYNTHETIC DEMO DATA
2026-09-08T20:25:00,34,2,SYNTHETIC DEMO DATA
2026-09-08T20:30:00,34,4,SYNTHETIC DEMO DATA
2026-09-08T20:35:00,29,3,SYNTHETIC DEMO DATA
2026-09-08T20:40:00,26,3,SYNTHETIC DEMO DATA
2026-09-08T20:45:00,28,2,SYNTHETIC DEMO DATA
2026-09-08T20:50:00,24,2,SYNTHETIC DEMO DATA
2026-09-08T20:55:00,19,2,SYNTHETIC DEMO DATA
2026-09-08T21:00:00,21,2,SYNTHETIC DEMO DATA
2026-09-08T21:05:00,19,1,SYNTHETIC DEMO DATA
2026-09-08T21:10:00,20,3,SYNTHETIC DEMO DATA
2026-09-08T21:15:00,19,2,SYNTHETIC DEMO DATA
2026-09-08T21:20:00,21,3,SYNTHETIC DEMO DATA
2026-09-08T21:25:00,20,1,SYNTHETIC DEMO DATA
2026-09-08T21:30:00,20,3,SYNTHETIC DEMO DATA
2026-09-08T21:35:00,19,2,SYNTHETIC DEMO DATA
2026-09-08T21:40:00,22,2,SYNTHETIC DEMO DATA
2026-09-08T21:45:00,20,2,SYNTHETIC DEMO DATA
2026-09-08T21:50:00,21,2,SYNTHETIC DEMO DATA
2026-09-08T21:55:00,22,3,SYNTHETIC DEMO DATA
2026-09-09T08:00:00,12,1,SYNTHETIC DEMO DATA
2026-09-09T08:05:00,12,1,SYNTHETIC DEMO DATA
2026-09-09T08:10:00,13,2,SYNTHETIC DEMO DATA
2026-09-09T08:15:00,18,2,SYNTHETIC DEMO DATA
2026-09-09T08:20:00,15,2,SYNTHETIC DEMO DATA
2026-09-09T08:25:00,15,1,SYNTHETIC DEMO DATA
2026-09-09T08:30:00,18,2,SYNTHETIC DEMO DATA
2026-09-09T08:35:00,14,1,SYNTHETIC DEMO DATA
2026-09-09T08:40:00,16,2,SYNTHETIC DEMO DATA
2026-09-09T08:45:00,19,3,SYNTHETIC DEMO DATA
2026-09-09T08:50:00,15,2,SYNTHETIC DEMO DATA
2026-09-09T08:55:00,21,3,SYNTHETIC DEMO DATA
2026-09-09T09:00:00,21,3,SYNTHETIC DEMO DATA
2026-09-09T09:05:00,19,3,SYNTHETIC DEMO DATA
2026-09-09T09:10:00,23,3,SYNTHETIC DEMO DATA
2026-09-09T09:15:00,27,4,SYNTHETIC DEMO DATA
2026-09-09T09:20:00,26,4,SYNTHETIC DEMO DATA
2026-09-09T09:25:00,25,3,SYNTHETIC DEMO DATA
2026-09-09T09:30:00,29,3,SYNTHETIC DEMO DATA
2026-09-09T09:35:00,31,4,SYNTHETIC DEMO DATA
2026-09-09T09:40:00,29,2,SYNTHETIC DEMO DATA
2026-09-09T09:45:00,29,2,SYNTHETIC DEMO DATA
2026-09-09T09:50:00,32,4,SYNTHETIC DEMO DATA
2026-09-09T09:55:00,34,3,SYNTHETIC DEMO DATA
2026-09-09T10:00:00,39,3,SYNTHETIC DEMO DATA
2026-09-09T10:05:00,34,5,SYNTHETIC DEMO DATA
2026-09-09T10:10:00,39,5,SYNTHETIC DEMO DATA
2026-09-09T10:15:00,41,2,SYNTHETIC DEMO DATA
2026-09-09T10:20:00,45,4,SYNTHETIC DEMO DATA
2026-09-09T10:25:00,46,4,SYNTHETIC DEMO DATA
2026-09-09T10:30:00,39,4,SYNTHETIC DEMO DATA
2026-09-09T10:35:00,44,7,SYNTHETIC DEMO DATA
2026-09-09T10:40:00,35,5,SYNTHETIC DEMO DATA
2026-09-09T10:45:00,51,5,SYNTHETIC DEMO DATA
2026-09-09T10:50:00,46,3,SYNTHETIC DEMO DATA
2026-09-09T10:55:00,43,4,SYNTHETIC DEMO DATA
2026-09-09T11:00:00,50,5,SYNTHETIC DEMO DATA
2026-09-09T11:05:00,48,6,SYNTHETIC DEMO DATA
2026-09-09T11:10:00,49,5,SYNTHETIC DEMO DATA
2026-09-09T11:15:00,73,8,SYNTHETIC DEMO DATA
2026-09-09T11:20:00,58,5,SYNTHETIC DEMO DATA
2026-09-09T11:25:00,60,6,SYNTHETIC DEMO DATA
2026-09-09T11:30:00,59,7,SYNTHETIC DEMO DATA
2026-09-09T11:35:00,60,6,SYNTHETIC DEMO DATA
2026-09-09T11:40:00,74,10,SYNTHETIC DEMO DATA
2026-09-09T11:45:00,77,7,SYNTHETIC DEMO DATA
2026-09-09T11:50:00,74,6,SYNTHETIC DEMO DATA
2026-09-09T11:55:00,77,4,SYNTHETIC DEMO DATA
2026-09-09T12:00:00,63,7,SYNTHETIC DEMO DATA
2026-09-09T12:05:00,61,5,SYNTHETIC DEMO DATA
2026-09-09T12:10:00,74,10,SYNTHETIC DEMO DATA
2026-09-09T12:15:00,82,5,SYNTHETIC DEMO DATA
2026-09-09T12:20:00,67,6,SYNTHETIC DEMO DATA
2026-09-09T12:25:00,83,8,SYNTHETIC DEMO DATA
2026-09-09T12:30:00,80,9,SYNTHETIC DEMO DATA
2026-09-09T12:35:00,76,9,SYNTHETIC DEMO DATA
2026-09-09T12:40:00,77,9,SYNTHETIC DEMO DATA
2026-09-09T12:45:00,79,5,SYNTHETIC DEMO DATA
2026-09-09T12:50:00,77,4,SYNTHETIC DEMO DATA
2026-09-09T12:55:00,70,9,SYNTHETIC DEMO DATA
2026-09-09T13:00:00,78,6,SYNTHETIC DEMO DATA
2026-09-09T13:05:00,80,10,SYNTHETIC DEMO DATA
2026-09-09T13:10:00,82,5,SYNTHETIC DEMO DATA
2026-09-09T13:15:00,71,5,SYNTHETIC DEMO DATA
2026-09-09T13:20:00,77,10,SYNTHETIC DEMO DATA
2026-09-09T13:25:00,65,8,SYNTHETIC DEMO DATA
2026-09-09T13:30:00,68,10,SYNTHETIC DEMO DATA
2026-09-09T13:35:00,75,6,SYNTHETIC DEMO DATA
2026-09-09T13:40:00,74,8,SYNTHETIC DEMO DATA
2026-09-09T13:45:00,69,5,SYNTHETIC DEMO DATA
2026-09-09T13:50:00,62,7,SYNTHETIC DEMO DATA
2026-09-09T13:55:00,61,6,SYNTHETIC DEMO DATA
2026-09-09T14:00:00,62,4,SYNTHETIC DEMO DATA
2026-09-09T14:05:00,63,4,SYNTHETIC DEMO DATA
2026-09-09T14:10:00,72,10,SYNTHETIC DEMO DATA
2026-09-09T14:15:00,61,6,SYNTHETIC DEMO DATA
2026-09-09T14:20:00,59,8,SYNTHETIC DEMO DATA
2026-09-09T14:25:00,57,4,SYNTHETIC DEMO DATA
2026-09-09T14:30:00,61,5,SYNTHETIC DEMO DATA
2026-09-09T14:35:00,59,4,SYNTHETIC DEMO DATA
2026-09-09T14:40:00,62,8,SYNTHETIC DEMO DATA
2026-09-09T14:45:00,60,8,SYNTHETIC DEMO DATA
2026-09-09T14:50:00,57,6,SYNTHETIC DEMO DATA
2026-09-09T14:55:00,46,4,SYNTHETIC DEMO DATA
2026-09-09T15:00:00,53,5,SYNTHETIC DEMO DATA
2026-09-09T15:05:00,59,5,SYNTHETIC DEMO DATA
2026-09-09T15:10:00,56,7,SYNTHETIC DEMO DATA
2026-09-09T15:15:00,56,7,SYNTHETIC DEMO DATA
2026-09-09T15:20:00,57,8,SYNTHETIC DEMO DATA
2026-09-09T15:25:00,57,4,SYNTHETIC DEMO DATA
2026-09-09T15:30:00,59,5,SYNTHETIC DEMO DATA
2026-09-09T15:35:00,58,6,SYNTHETIC DEMO DATA
2026-09-09T15:40:00,59,4,SYNTHETIC DEMO DATA
2026-09-09T15:45:00,55,4,SYNTHETIC DEMO DATA
2026-09-09T15:50:00,65,9,SYNTHETIC DEMO DATA
2026-09-09T15:55:00,57,8,SYNTHETIC DEMO DATA
2026-09-09T16:00:00,55,4,SYNTHETIC DEMO DATA
2026-09-09T16:05:00,61,9,SYNTHETIC DEMO DATA
2026-09-09T16:10:00,58,8,SYNTHETIC DEMO DATA
2026-09-09T16:15:00,64,5,SYNTHETIC DEMO DATA
2026-09-09T16:20:00,67,8,SYNTHETIC DEMO DATA
2026-09-09T16:25:00,71,6,SYNTHETIC DEMO DATA
2026-09-09T16:30:00,69,7,SYNTHETIC DEMO DATA
2026-09-09T16:35:00,79,10,SYNTHETIC DEMO DATA
2026-09-09T16:40:00,68,8,SYNTHETIC DEMO DATA
2026-09-09T16:45:00,73,6,SYNTHETIC DEMO DATA
2026-09-09T16:50:00,84,12,SYNTHETIC DEMO DATA
2026-09-09T16:55:00,80,6,SYNTHETIC DEMO DATA
2026-09-09T17:00:00,84,12,SYNTHETIC DEMO DATA
2026-09-09T17:05:00,88,8,SYNTHETIC DEMO DATA
2026-09-09T17:10:00,90,7,SYNTHETIC DEMO DATA
2026-09-09T17:15:00,97,13,SYNTHETIC DEMO DATA
2026-09-09T17:20:00,85,5,SYNTHETIC DEMO DATA
2026-09-09T17:25:00,87,13,SYNTHETIC DEMO DATA
2026-09-09T17:30:00,84,6,SYNTHETIC DEMO DATA
2026-09-09T17:35:00,90,7,SYNTHETIC DEMO DATA
2026-09-09T17:40:00,89,11,SYNTHETIC DEMO DATA
2026-09-09T17:45:00,82,5,SYNTHETIC DEMO DATA
2026-09-09T17:50:00,96,14,SYNTHETIC DEMO DATA
2026-09-09T17:55:00,99,13,SYNTHETIC DEMO DATA
2026-09-09T18:00:00,90,6,SYNTHETIC DEMO DATA
2026-09-09T18:05:00,101,12,SYNTHETIC DEMO DATA
2026-09-09T18:10:00,86,8,SYNTHETIC DEMO DATA
2026-09-09T18:15:00,99,12,SYNTHETIC DEMO DATA
2026-09-09T18:20:00,65,3,SYNTHETIC DEMO DATA
2026-09-09T18:25:00,81,6,SYNTHETIC DEMO DATA
2026-09-09T18:30:00,79,10,SYNTHETIC DEMO DATA
2026-09-09T18:35:00,75,4,SYNTHETIC DEMO DATA
2026-09-09T18:40:00,72,9,SYNTHETIC DEMO DATA
2026-09-09T18:45:00,73,8,SYNTHETIC DEMO DATA
2026-09-09T18:50:00,80,6,SYNTHETIC DEMO DATA
2026-09-09T18:55:00,66,8,SYNTHETIC DEMO DATA
2026-09-09T19:00:00,77,10,SYNTHETIC DEMO DATA
2026-09-09T19:05:00,66,9,SYNTHETIC DEMO DATA
2026-09-09T19:10:00,65,4,SYNTHETIC DEMO DATA
2026-09-09T19:15:00,56,4,SYNTHETIC DEMO DATA
2026-09-09T19:20:00,60,8,SYNTHETIC DEMO DATA
2026-09-09T19:25:00,61,7,SYNTHETIC DEMO DATA
2026-09-09T19:30:00,58,8,SYNTHETIC DEMO DATA
2026-09-09T19:35:00,55,5,SYNTHETIC DEMO DATA
2026-09-09T19:40:00,48,7,SYNTHETIC DEMO DATA
2026-09-09T19:45:00,50,4,SYNTHETIC DEMO DATA
2026-09-09T19:50:00,42,2,SYNTHETIC DEMO DATA
2026-09-09T19:55:00,38,2,SYNTHETIC DEMO DATA
2026-09-09T20:00:00,48,6,SYNTHETIC DEMO DATA
2026-09-09T20:05:00,43,2,SYNTHETIC DEMO DATA
2026-09-09T20:10:00,45,6,SYNTHETIC DEMO DATA
2026-09-09T20:15:00,39,5,SYNTHETIC DEMO DATA
2026-09-09T20:20:00,39,6,SYNTHETIC DEMO DATA
2026-09-09T20:25:00,33,4,SYNTHETIC DEMO DATA
2026-09-09T20:30:00,30,4,SYNTHETIC DEMO DATA
2026-09-09T20:35:00,33,4,SYNTHETIC DEMO DATA
2026-09-09T20:40:00,29,2,SYNTHETIC DEMO DATA
2026-09-09T20:45:00,24,2,SYNTHETIC DEMO DATA
2026-09-09T20:50:00,25,1,SYNTHETIC DEMO DATA
2026-09-09T20:55:00,23,2,SYNTHETIC DEMO DATA
2026-09-09T21:00:00,19,1,SYNTHETIC DEMO DATA
2026-09-09T21:05:00,21,1,SYNTHETIC DEMO DATA
2026-09-09T21:10:00,19,3,SYNTHETIC DEMO DATA
2026-09-09T21:15:00,19,2,SYNTHETIC DEMO DATA
2026-09-09T21:20:00,18,2,SYNTHETIC DEMO DATA
2026-09-09T21:25:00,21,2,SYNTHETIC DEMO DATA
2026-09-09T21:30:00,19,2,SYNTHETIC DEMO DATA
2026-09-09T21:35:00,20,2,SYNTHETIC DEMO DATA
2026-09-09T21:40:00,17,2,SYNTHETIC DEMO DATA
2026-09-09T21:45:00,19,1,SYNTHETIC DEMO DATA
2026-09-09T21:50:00,17,2,SYNTHETIC DEMO DATA
2026-09-09T21:55:00,21,3,SYNTHETIC DEMO DATA
2026-09-10T08:00:00,12,2,SYNTHETIC DEMO DATA
2026-09-10T08:05:00,12,1,SYNTHETIC DEMO DATA
2026-09-10T08:10:00,12,1,SYNTHETIC DEMO DATA
2026-09-10T08:15:00,13,2,SYNTHETIC DEMO DATA
2026-09-10T08:20:00,15,1,SYNTHETIC DEMO DATA
2026-09-10T08:25:00,16,2,SYNTHETIC DEMO DATA
2026-09-10T08:30:00,16,2,SYNTHETIC DEMO DATA
2026-09-10T08:35:00,15,1,SYNTHETIC DEMO DATA
2026-09-10T08:40:00,17,2,SYNTHETIC DEMO DATA
2026-09-10T08:45:00,15,1,SYNTHETIC DEMO DATA
2026-09-10T08:50:00,16,2,SYNTHETIC DEMO DATA
2026-09-10T08:55:00,20,1,SYNTHETIC DEMO DATA
2026-09-10T09:00:00,24,3,SYNTHETIC DEMO DATA
2026-09-10T09:05:00,22,3,SYNTHETIC DEMO DATA
2026-09-10T09:10:00,21,2,SYNTHETIC DEMO DATA
2026-09-10T09:15:00,28,4,SYNTHETIC DEMO DATA
2026-09-10T09:20:00,25,2,SYNTHETIC DEMO DATA
2026-09-10T09:25:00,27,1,SYNTHETIC DEMO DATA
2026-09-10T09:30:00,24,3,SYNTHETIC DEMO DATA
2026-09-10T09:35:00,32,3,SYNTHETIC DEMO DATA
2026-09-10T09:40:00,28,2,SYNTHETIC DEMO DATA
2026-09-10T09:45:00,35,2,SYNTHETIC DEMO DATA
2026-09-10T09:50:00,33,2,SYNTHETIC DEMO DATA
2026-09-10T09:55:00,37,3,SYNTHETIC DEMO DATA
2026-09-10T10:00:00,34,5,SYNTHETIC DEMO DATA
2026-09-10T10:05:00,28,2,SYNTHETIC DEMO DATA
2026-09-10T10:10:00,39,2,SYNTHETIC DEMO DATA
2026-09-10T10:15:00,40,3,SYNTHETIC DEMO DATA
2026-09-10T10:20:00,42,6,SYNTHETIC DEMO DATA
2026-09-10T10:25:00,39,5,SYNTHETIC DEMO DATA
2026-09-10T10:30:00,40,4,SYNTHETIC DEMO DATA
2026-09-10T10:35:00,44,4,SYNTHETIC DEMO DATA
2026-09-10T10:40:00,48,5,SYNTHETIC DEMO DATA
2026-09-10T10:45:00,47,5,SYNTHETIC DEMO DATA
2026-09-10T10:50:00,44,4,SYNTHETIC DEMO DATA
2026-09-10T10:55:00,58,5,SYNTHETIC DEMO DATA
2026-09-10T11:00:00,44,6,SYNTHETIC DEMO DATA
2026-09-10T11:05:00,45,5,SYNTHETIC DEMO DATA
2026-09-10T11:10:00,49,5,SYNTHETIC DEMO DATA
2026-09-10T11:15:00,57,8,SYNTHETIC DEMO DATA
2026-09-10T11:20:00,60,6,SYNTHETIC DEMO DATA
2026-09-10T11:25:00,63,6,SYNTHETIC DEMO DATA
2026-09-10T11:30:00,60,5,SYNTHETIC DEMO DATA
2026-09-10T11:35:00,67,9,SYNTHETIC DEMO DATA
2026-09-10T11:40:00,64,6,SYNTHETIC DEMO DATA
2026-09-10T11:45:00,70,8,SYNTHETIC DEMO DATA
2026-09-10T11:50:00,75,6,SYNTHETIC DEMO DATA
2026-09-10T11:55:00,78,10,SYNTHETIC DEMO DATA
2026-09-10T12:00:00,71,5,SYNTHETIC DEMO DATA
2026-09-10T12:05:00,76,8,SYNTHETIC DEMO DATA
2026-09-10T12:10:00,70,9,SYNTHETIC DEMO DATA
2026-09-10T12:15:00,71,6,SYNTHETIC DEMO DATA
2026-09-10T12:20:00,67,9,SYNTHETIC DEMO DATA
2026-09-10T12:25:00,93,12,SYNTHETIC DEMO DATA
2026-09-10T12:30:00,78,11,SYNTHETIC DEMO DATA
2026-09-10T12:35:00,76,10,SYNTHETIC DEMO DATA
2026-09-10T12:40:00,84,12,SYNTHETIC DEMO DATA
2026-09-10T12:45:00,68,4,SYNTHETIC DEMO DATA
2026-09-10T12:50:00,84,10,SYNTHETIC DEMO DATA
2026-09-10T12:55:00,74,4,SYNTHETIC DEMO DATA
2026-09-10T13:00:00,84,11,SYNTHETIC DEMO DATA
2026-09-10T13:05:00,83,4,SYNTHETIC DEMO DATA
2026-09-10T13:10:00,77,8,SYNTHETIC DEMO DATA
2026-09-10T13:15:00,67,5,SYNTHETIC DEMO DATA
2026-09-10T13:20:00,76,5,SYNTHETIC DEMO DATA
2026-09-10T13:25:00,79,5,SYNTHETIC DEMO DATA
2026-09-10T13:30:00,79,9,SYNTHETIC DEMO DATA
2026-09-10T13:35:00,66,7,SYNTHETIC DEMO DATA
2026-09-10T13:40:00,74,11,SYNTHETIC DEMO DATA
2026-09-10T13:45:00,69,9,SYNTHETIC DEMO DATA
2026-09-10T13:50:00,72,10,SYNTHETIC DEMO DATA
2026-09-10T13:55:00,71,9,SYNTHETIC DEMO DATA
2026-09-10T14:00:00,75,9,SYNTHETIC DEMO DATA
2026-09-10T14:05:00,62,9,SYNTHETIC DEMO DATA
2026-09-10T14:10:00,58,7,SYNTHETIC DEMO DATA
2026-09-10T14:15:00,65,6,SYNTHETIC DEMO DATA
2026-09-10T14:20:00,60,3,SYNTHETIC DEMO DATA
2026-09-10T14:25:00,59,8,SYNTHETIC DEMO DATA
2026-09-10T14:30:00,69,5,SYNTHETIC DEMO DATA
2026-09-10T14:35:00,64,7,SYNTHETIC DEMO DATA
2026-09-10T14:40:00,55,5,SYNTHETIC DEMO DATA
2026-09-10T14:45:00,57,6,SYNTHETIC DEMO DATA
2026-09-10T14:50:00,50,6,SYNTHETIC DEMO DATA
2026-09-10T14:55:00,61,6,SYNTHETIC DEMO DATA
2026-09-10T15:00:00,53,7,SYNTHETIC DEMO DATA
2026-09-10T15:05:00,48,5,SYNTHETIC DEMO DATA
2026-09-10T15:10:00,60,9,SYNTHETIC DEMO DATA
2026-09-10T15:15:00,66,4,SYNTHETIC DEMO DATA
2026-09-10T15:20:00,54,8,SYNTHETIC DEMO DATA
2026-09-10T15:25:00,63,4,SYNTHETIC DEMO DATA
2026-09-10T15:30:00,57,7,SYNTHETIC DEMO DATA
2026-09-10T15:35:00,62,6,SYNTHETIC DEMO DATA
2026-09-10T15:40:00,59,4,SYNTHETIC DEMO DATA
2026-09-10T15:45:00,54,5,SYNTHETIC DEMO DATA
2026-09-10T15:50:00,58,4,SYNTHETIC DEMO DATA
2026-09-10T15:55:00,62,8,SYNTHETIC DEMO DATA
2026-09-10T16:00:00,56,3,SYNTHETIC DEMO DATA
2026-09-10T16:05:00,61,9,SYNTHETIC DEMO DATA
2026-09-10T16:10:00,63,9,SYNTHETIC DEMO DATA
2026-09-10T16:15:00,71,5,SYNTHETIC DEMO DATA
2026-09-10T16:20:00,63,7,SYNTHETIC DEMO DATA
2026-09-10T16:25:00,75,7,SYNTHETIC DEMO DATA
2026-09-10T16:30:00,73,10,SYNTHETIC DEMO DATA
2026-09-10T16:35:00,68,9,SYNTHETIC DEMO DATA
2026-09-10T16:40:00,81,10,SYNTHETIC DEMO DATA
2026-09-10T16:45:00,89,12,SYNTHETIC DEMO DATA
2026-09-10T16:50:00,80,10,SYNTHETIC DEMO DATA
2026-09-10T16:55:00,89,11,SYNTHETIC DEMO DATA
2026-09-10T17:00:00,78,7,SYNTHETIC DEMO DATA
2026-09-10T17:05:00,81,8,SYNTHETIC DEMO DATA
2026-09-10T17:10:00,80,8,SYNTHETIC DEMO DATA
2026-09-10T17:15:00,82,11,SYNTHETIC DEMO DATA
2026-09-10T17:20:00,71,9,SYNTHETIC DEMO DATA
2026-09-10T17:25:00,79,9,SYNTHETIC DEMO DATA
2026-09-10T17:30:00,90,6,SYNTHETIC DEMO DATA
2026-09-10T17:35:00,94,11,SYNTHETIC DEMO DATA
2026-09-10T17:40:00,99,8,SYNTHETIC DEMO DATA
2026-09-10T17:45:00,104,9,SYNTHETIC DEMO DATA
2026-09-10T17:50:00,96,12,SYNTHETIC DEMO DATA
2026-09-10T17:55:00,81,8,SYNTHETIC DEMO DATA
2026-09-10T18:00:00,97,14,SYNTHETIC DEMO DATA
2026-09-10T18:05:00,86,10,SYNTHETIC DEMO DATA
2026-09-10T18:10:00,75,8,SYNTHETIC DEMO DATA
2026-09-10T18:15:00,83,10,SYNTHETIC DEMO DATA
2026-09-10T18:20:00,76,9,SYNTHETIC DEMO DATA
2026-09-10T18:25:00,81,10,SYNTHETIC DEMO DATA
2026-09-10T18:30:00,84,9,SYNTHETIC DEMO DATA
2026-09-10T18:35:00,80,9,SYNTHETIC DEMO DATA
2026-09-10T18:40:00,74,11,SYNTHETIC DEMO DATA
2026-09-10T18:45:00,83,9,SYNTHETIC DEMO DATA
2026-09-10T18:50:00,73,9,SYNTHETIC DEMO DATA
2026-09-10T18:55:00,70,6,SYNTHETIC DEMO DATA
2026-09-10T19:00:00,66,7,SYNTHETIC DEMO DATA
2026-09-10T19:05:00,69,10,SYNTHETIC DEMO DATA
2026-09-10T19:10:00,73,7,SYNTHETIC DEMO DATA
2026-09-10T19:15:00,66,7,SYNTHETIC DEMO DATA
2026-09-10T19:20:00,59,7,SYNTHETIC DEMO DATA
2026-09-10T19:25:00,58,6,SYNTHETIC DEMO DATA
2026-09-10T19:30:00,58,8,SYNTHETIC DEMO DATA
2026-09-10T19:35:00,51,4,SYNTHETIC DEMO DATA
2026-09-10T19:40:00,63,9,SYNTHETIC DEMO DATA
2026-09-10T19:45:00,49,6,SYNTHETIC DEMO DATA
2026-09-10T19:50:00,44,5,SYNTHETIC DEMO DATA
2026-09-10T19:55:00,45,5,SYNTHETIC DEMO DATA
2026-09-10T20:00:00,47,2,SYNTHETIC DEMO DATA
2026-09-10T20:05:00,37,4,SYNTHETIC DEMO DATA
2026-09-10T20:10:00,40,2,SYNTHETIC DEMO DATA
2026-09-10T20:15:00,38,5,SYNTHETIC DEMO DATA
2026-09-10T20:20:00,39,5,SYNTHETIC DEMO DATA
2026-09-10T20:25:00,39,4,SYNTHETIC DEMO DATA
2026-09-10T20:30:00,31,3,SYNTHETIC DEMO DATA
2026-09-10T20:35:00,32,3,SYNTHETIC DEMO DATA
2026-09-10T20:40:00,27,3,SYNTHETIC DEMO DATA
2026-09-10T20:45:00,28,4,SYNTHETIC DEMO DATA
2026-09-10T20:50:00,27,3,SYNTHETIC DEMO DATA
2026-09-10T20:55:00,23,3,SYNTHETIC DEMO DATA
2026-09-10T21:00:00,21,1,SYNTHETIC DEMO DATA
2026-09-10T21:05:00,15,2,SYNTHETIC DEMO DATA
2026-09-10T21:10:00,21,3,SYNTHETIC DEMO DATA
2026-09-10T21:15:00,20,2,SYNTHETIC DEMO DATA
2026-09-10T21:20:00,19,1,SYNTHETIC DEMO DATA
2026-09-10T21:25:00,20,1,SYNTHETIC DEMO DATA
2026-09-10T21:30:00,22,2,SYNTHETIC DEMO DATA
2026-09-10T21:35:00,17,3,SYNTHETIC DEMO DATA
2026-09-10T21:40:00,19,2,SYNTHETIC DEMO DATA
2026-09-10T21:45:00,16,2,SYNTHETIC DEMO DATA
2026-09-10T21:50:00,21,2,SYNTHETIC DEMO DATA
2026-09-10T21:55:00,21,3,SYNTHETIC DEMO DATA
2026-09-11T08:00:00,13,1,SYNTHETIC DEMO DATA
2026-09-11T08:05:00,12,1,SYNTHETIC DEMO DATA
2026-09-11T08:10:00,14,1,SYNTHETIC DEMO DATA
2026-09-11T08:15:00,15,1,SYNTHETIC DEMO DATA
2026-09-11T08:20:00,15,2,SYNTHETIC DEMO DATA
2026-09-11T08:25:00,15,1,SYNTHETIC DEMO DATA
2026-09-11T08:30:00,17,2,SYNTHETIC DEMO DATA
2026-09-11T08:35:00,16,2,SYNTHETIC DEMO DATA
2026-09-11T08:40:00,16,2,SYNTHETIC DEMO DATA
2026-09-11T08:45:00,18,2,SYNTHETIC DEMO DATA
2026-09-11T08:50:00,20,3,SYNTHETIC DEMO DATA
2026-09-11T08:55:00,21,2,SYNTHETIC DEMO DATA
2026-09-11T09:00:00,20,2,SYNTHETIC DEMO DATA
2026-09-11T09:05:00,21,1,SYNTHETIC DEMO DATA
2026-09-11T09:10:00,22,2,SYNTHETIC DEMO DATA
2026-09-11T09:15:00,21,2,SYNTHETIC DEMO DATA
2026-09-11T09:20:00,23,3,SYNTHETIC DEMO DATA
2026-09-11T09:25:00,27,3,SYNTHETIC DEMO DATA
2026-09-11T09:30:00,29,4,SYNTHETIC DEMO DATA
2026-09-11T09:35:00,31,3,SYNTHETIC DEMO DATA
2026-09-11T09:40:00,37,4,SYNTHETIC DEMO DATA
2026-09-11T09:45:00,28,3,SYNTHETIC DEMO DATA
2026-09-11T09:50:00,32,4,SYNTHETIC DEMO DATA
2026-09-11T09:55:00,36,5,SYNTHETIC DEMO DATA
2026-09-11T10:00:00,32,4,SYNTHETIC DEMO DATA
2026-09-11T10:05:00,34,3,SYNTHETIC DEMO DATA
2026-09-11T10:10:00,39,5,SYNTHETIC DEMO DATA
2026-09-11T10:15:00,32,3,SYNTHETIC DEMO DATA
2026-09-11T10:20:00,40,5,SYNTHETIC DEMO DATA
2026-09-11T10:25:00,39,3,SYNTHETIC DEMO DATA
2026-09-11T10:30:00,38,3,SYNTHETIC DEMO DATA
2026-09-11T10:35:00,46,7,SYNTHETIC DEMO DATA
2026-09-11T10:40:00,47,6,SYNTHETIC DEMO DATA
2026-09-11T10:45:00,47,4,SYNTHETIC DEMO DATA
2026-09-11T10:50:00,56,5,SYNTHETIC DEMO DATA
2026-09-11T10:55:00,48,3,SYNTHETIC DEMO DATA
2026-09-11T11:00:00,47,6,SYNTHETIC DEMO DATA
2026-09-11T11:05:00,56,8,SYNTHETIC DEMO DATA
2026-09-11T11:10:00,50,3,SYNTHETIC DEMO DATA
2026-09-11T11:15:00,57,8,SYNTHETIC DEMO DATA
2026-09-11T11:20:00,59,7,SYNTHETIC DEMO DATA
2026-09-11T11:25:00,52,4,SYNTHETIC DEMO DATA
2026-09-11T11:30:00,60,5,SYNTHETIC DEMO DATA
2026-09-11T11:35:00,58,6,SYNTHETIC DEMO DATA
2026-09-11T11:40:00,57,5,SYNTHETIC DEMO DATA
2026-09-11T11:45:00,78,9,SYNTHETIC DEMO DATA
2026-09-11T11:50:00,74,7,SYNTHETIC DEMO DATA
2026-09-11T11:55:00,72,5,SYNTHETIC DEMO DATA
2026-09-11T12:00:00,72,5,SYNTHETIC DEMO DATA
2026-09-11T12:05:00,65,6,SYNTHETIC DEMO DATA
2026-09-11T12:10:00,78,8,SYNTHETIC DEMO DATA
2026-09-11T12:15:00,75,5,SYNTHETIC DEMO DATA
2026-09-11T12:20:00,83,7,SYNTHETIC DEMO DATA
2026-09-11T12:25:00,76,6,SYNTHETIC DEMO DATA
2026-09-11T12:30:00,80,4,SYNTHETIC DEMO DATA
2026-09-11T12:35:00,90,7,SYNTHETIC DEMO DATA
2026-09-11T12:40:00,70,6,SYNTHETIC DEMO DATA
2026-09-11T12:45:00,70,10,SYNTHETIC DEMO DATA
2026-09-11T12:50:00,79,9,SYNTHETIC DEMO DATA
2026-09-11T12:55:00,81,6,SYNTHETIC DEMO DATA
2026-09-11T13:00:00,89,12,SYNTHETIC DEMO DATA
2026-09-11T13:05:00,90,5,SYNTHETIC DEMO DATA
2026-09-11T13:10:00,75,4,SYNTHETIC DEMO DATA
2026-09-11T13:15:00,71,7,SYNTHETIC DEMO DATA
2026-09-11T13:20:00,86,11,SYNTHETIC DEMO DATA
2026-09-11T13:25:00,63,8,SYNTHETIC DEMO DATA
2026-09-11T13:30:00,77,11,SYNTHETIC DEMO DATA
2026-09-11T13:35:00,73,4,SYNTHETIC DEMO DATA
2026-09-11T13:40:00,72,9,SYNTHETIC DEMO DATA
2026-09-11T13:45:00,76,11,SYNTHETIC DEMO DATA
2026-09-11T13:50:00,72,9,SYNTHETIC DEMO DATA
2026-09-11T13:55:00,78,10,SYNTHETIC DEMO DATA
2026-09-11T14:00:00,72,8,SYNTHETIC DEMO DATA
2026-09-11T14:05:00,64,6,SYNTHETIC DEMO DATA
2026-09-11T14:10:00,69,10,SYNTHETIC DEMO DATA
2026-09-11T14:15:00,72,9,SYNTHETIC DEMO DATA
2026-09-11T14:20:00,56,6,SYNTHETIC DEMO DATA
2026-09-11T14:25:00,57,5,SYNTHETIC DEMO DATA
2026-09-11T14:30:00,58,5,SYNTHETIC DEMO DATA
2026-09-11T14:35:00,59,6,SYNTHETIC DEMO DATA
2026-09-11T14:40:00,51,5,SYNTHETIC DEMO DATA
2026-09-11T14:45:00,53,8,SYNTHETIC DEMO DATA
2026-09-11T14:50:00,53,5,SYNTHETIC DEMO DATA
2026-09-11T14:55:00,46,6,SYNTHETIC DEMO DATA
2026-09-11T15:00:00,59,7,SYNTHETIC DEMO DATA
2026-09-11T15:05:00,54,4,SYNTHETIC DEMO DATA
2026-09-11T15:10:00,58,3,SYNTHETIC DEMO DATA
2026-09-11T15:15:00,52,3,SYNTHETIC DEMO DATA
2026-09-11T15:20:00,57,8,SYNTHETIC DEMO DATA
2026-09-11T15:25:00,65,5,SYNTHETIC DEMO DATA
2026-09-11T15:30:00,61,4,SYNTHETIC DEMO DATA
2026-09-11T15:35:00,62,8,SYNTHETIC DEMO DATA
2026-09-11T15:40:00,56,4,SYNTHETIC DEMO DATA
2026-09-11T15:45:00,60,8,SYNTHETIC DEMO DATA
2026-09-11T15:50:00,61,5,SYNTHETIC DEMO DATA
2026-09-11T15:55:00,56,5,SYNTHETIC DEMO DATA
2026-09-11T16:00:00,57,8,SYNTHETIC DEMO DATA
2026-09-11T16:05:00,54,6,SYNTHETIC DEMO DATA
2026-09-11T16:10:00,68,6,SYNTHETIC DEMO DATA
2026-09-11T16:15:00,73,9,SYNTHETIC DEMO DATA
2026-09-11T16:20:00,65,4,SYNTHETIC DEMO DATA
2026-09-11T16:25:00,75,7,SYNTHETIC DEMO DATA
2026-09-11T16:30:00,78,8,SYNTHETIC DEMO DATA
2026-09-11T16:35:00,74,5,SYNTHETIC DEMO DATA
2026-09-11T16:40:00,78,11,SYNTHETIC DEMO DATA
2026-09-11T16:45:00,85,10,SYNTHETIC DEMO DATA
2026-09-11T16:50:00,78,4,SYNTHETIC DEMO DATA
2026-09-11T16:55:00,90,13,SYNTHETIC DEMO DATA
2026-09-11T17:00:00,84,10,SYNTHETIC DEMO DATA
2026-09-11T17:05:00,86,11,SYNTHETIC DEMO DATA
2026-09-11T17:10:00,73,5,SYNTHETIC DEMO DATA
2026-09-11T17:15:00,82,12,SYNTHETIC DEMO DATA
2026-09-11T17:20:00,89,6,SYNTHETIC DEMO DATA
2026-09-11T17:25:00,81,11,SYNTHETIC DEMO DATA
2026-09-11T17:30:00,79,7,SYNTHETIC DEMO DATA
2026-09-11T17:35:00,87,12,SYNTHETIC DEMO DATA
2026-09-11T17:40:00,79,9,SYNTHETIC DEMO DATA
2026-09-11T17:45:00,101,8,SYNTHETIC DEMO DATA
2026-09-11T17:50:00,96,11,SYNTHETIC DEMO DATA
2026-09-11T17:55:00,87,12,SYNTHETIC DEMO DATA
2026-09-11T18:00:00,83,10,SYNTHETIC DEMO DATA
2026-09-11T18:05:00,88,7,SYNTHETIC DEMO DATA
2026-09-11T18:10:00,83,8,SYNTHETIC DEMO DATA
2026-09-11T18:15:00,86,5,SYNTHETIC DEMO DATA
2026-09-11T18:20:00,101,15,SYNTHETIC DEMO DATA
2026-09-11T18:25:00,83,12,SYNTHETIC DEMO DATA
2026-09-11T18:30:00,80,8,SYNTHETIC DEMO DATA
2026-09-11T18:35:00,76,11,SYNTHETIC DEMO DATA
2026-09-11T18:40:00,70,6,SYNTHETIC DEMO DATA
2026-09-11T18:45:00,76,11,SYNTHETIC DEMO DATA
2026-09-11T18:50:00,73,9,SYNTHETIC DEMO DATA
2026-09-11T18:55:00,73,8,SYNTHETIC DEMO DATA
2026-09-11T19:00:00,67,3,SYNTHETIC DEMO DATA
2026-09-11T19:05:00,64,3,SYNTHETIC DEMO DATA
2026-09-11T19:10:00,71,8,SYNTHETIC DEMO DATA
2026-09-11T19:15:00,60,6,SYNTHETIC DEMO DATA
2026-09-11T19:20:00,54,4,SYNTHETIC DEMO DATA
2026-09-11T19:25:00,55,5,SYNTHETIC DEMO DATA
2026-09-11T19:30:00,60,6,SYNTHETIC DEMO DATA
2026-09-11T19:35:00,57,7,SYNTHETIC DEMO DATA
2026-09-11T19:40:00,49,3,SYNTHETIC DEMO DATA
2026-09-11T19:45:00,50,4,SYNTHETIC DEMO DATA
2026-09-11T19:50:00,47,4,SYNTHETIC DEMO DATA
2026-09-11T19:55:00,44,6,SYNTHETIC DEMO DATA
2026-09-11T20:00:00,46,4,SYNTHETIC DEMO DATA
2026-09-11T20:05:00,49,6,SYNTHETIC DEMO DATA
2026-09-11T20:10:00,39,6,SYNTHETIC DEMO DATA
2026-09-11T20:15:00,40,4,SYNTHETIC DEMO DATA
2026-09-11T20:20:00,38,5,SYNTHETIC DEMO DATA
2026-09-11T20:25:00,33,4,SYNTHETIC DEMO DATA
2026-09-11T20:30:00,34,2,SYNTHETIC DEMO DATA
2026-09-11T20:35:00,30,4,SYNTHETIC DEMO DATA
2026-09-11T20:40:00,28,3,SYNTHETIC DEMO DATA
2026-09-11T20:45:00,27,2,SYNTHETIC DEMO DATA
2026-09-11T20:50:00,26,2,SYNTHETIC DEMO DATA
2026-09-11T20:55:00,21,2,SYNTHETIC DEMO DATA
2026-09-11T21:00:00,20,2,SYNTHETIC DEMO DATA
2026-09-11T21:05:00,21,1,SYNTHETIC DEMO DATA
2026-09-11T21:10:00,20,2,SYNTHETIC DEMO DATA
2026-09-11T21:15:00,20,3,SYNTHETIC DEMO DATA
2026-09-11T21:20:00,22,3,SYNTHETIC DEMO DATA
2026-09-11T21:25:00,20,2,SYNTHETIC DEMO DATA
2026-09-11T21:30:00,20,2,SYNTHETIC DEMO DATA
2026-09-11T21:35:00,21,2,SYNTHETIC DEMO DATA
2026-09-11T21:40:00,16,1,SYNTHETIC DEMO DATA
2026-09-11T21:45:00,21,1,SYNTHETIC DEMO DATA
2026-09-11T21:50:00,17,1,SYNTHETIC DEMO DATA
2026-09-11T21:55:00,19,1,SYNTHETIC DEMO DATA
2026-09-12T08:00:00,14,1,SYNTHETIC DEMO DATA
2026-09-12T08:05:00,15,2,SYNTHETIC DEMO DATA
2026-09-12T08:10:00,17,1,SYNTHETIC DEMO DATA
2026-09-12T08:15:00,19,2,SYNTHETIC DEMO DATA
2026-09-12T08:20:00,17,2,SYNTHETIC DEMO DATA
2026-09-12T08:25:00,19,2,SYNTHETIC DEMO DATA
2026-09-12T08:30:00,20,2,SYNTHETIC DEMO DATA
2026-09-12T08:35:00,18,2,SYNTHETIC DEMO DATA
2026-09-12T08:40:00,21,1,SYNTHETIC DEMO DATA
2026-09-12T08:45:00,23,3,SYNTHETIC DEMO DATA
2026-09-12T08:50:00,19,1,SYNTHETIC DEMO DATA
2026-09-12T08:55:00,23,3,SYNTHETIC DEMO DATA
2026-09-12T09:00:00,23,3,SYNTHETIC DEMO DATA
2026-09-12T09:05:00,25,2,SYNTHETIC DEMO DATA
2026-09-12T09:10:00,27,3,SYNTHETIC DEMO DATA
2026-09-12T09:15:00,29,3,SYNTHETIC DEMO DATA
2026-09-12T09:20:00,29,3,SYNTHETIC DEMO DATA
2026-09-12T09:25:00,33,2,SYNTHETIC DEMO DATA
2026-09-12T09:30:00,35,3,SYNTHETIC DEMO DATA
2026-09-12T09:35:00,38,3,SYNTHETIC DEMO DATA
2026-09-12T09:40:00,38,5,SYNTHETIC DEMO DATA
2026-09-12T09:45:00,38,4,SYNTHETIC DEMO DATA
2026-09-12T09:50:00,46,6,SYNTHETIC DEMO DATA
2026-09-12T09:55:00,40,4,SYNTHETIC DEMO DATA
2026-09-12T10:00:00,40,5,SYNTHETIC DEMO DATA
2026-09-12T10:05:00,49,7,SYNTHETIC DEMO DATA
2026-09-12T10:10:00,48,6,SYNTHETIC DEMO DATA
2026-09-12T10:15:00,55,3,SYNTHETIC DEMO DATA
2026-09-12T10:20:00,52,4,SYNTHETIC DEMO DATA
2026-09-12T10:25:00,42,2,SYNTHETIC DEMO DATA
2026-09-12T10:30:00,52,5,SYNTHETIC DEMO DATA
2026-09-12T10:35:00,62,5,SYNTHETIC DEMO DATA
2026-09-12T10:40:00,53,4,SYNTHETIC DEMO DATA
2026-09-12T10:45:00,57,6,SYNTHETIC DEMO DATA
2026-09-12T10:50:00,56,8,SYNTHETIC DEMO DATA
2026-09-12T10:55:00,59,5,SYNTHETIC DEMO DATA
2026-09-12T11:00:00,68,9,SYNTHETIC DEMO DATA
2026-09-12T11:05:00,71,4,SYNTHETIC DEMO DATA
2026-09-12T11:10:00,73,5,SYNTHETIC DEMO DATA
2026-09-12T11:15:00,76,11,SYNTHETIC DEMO DATA
2026-09-12T11:20:00,88,8,SYNTHETIC DEMO DATA
2026-09-12T11:25:00,81,6,SYNTHETIC DEMO DATA
2026-09-12T11:30:00,70,10,SYNTHETIC DEMO DATA
2026-09-12T11:35:00,89,8,SYNTHETIC DEMO DATA
2026-09-12T11:40:00,89,13,SYNTHETIC DEMO DATA
2026-09-12T11:45:00,84,9,SYNTHETIC DEMO DATA
2026-09-12T11:50:00,80,12,SYNTHETIC DEMO DATA
2026-09-12T11:55:00,89,6,SYNTHETIC DEMO DATA
2026-09-12T12:00:00,98,11,SYNTHETIC DEMO DATA
2026-09-12T12:05:00,105,15,SYNTHETIC DEMO DATA
2026-09-12T12:10:00,85,11,SYNTHETIC DEMO DATA
2026-09-12T12:15:00,94,8,SYNTHETIC DEMO DATA
2026-09-12T12:20:00,85,9,SYNTHETIC DEMO DATA
2026-09-12T12:25:00,98,13,SYNTHETIC DEMO DATA
2026-09-12T12:30:00,102,10,SYNTHETIC DEMO DATA
2026-09-12T12:35:00,76,11,SYNTHETIC DEMO DATA
2026-09-12T12:40:00,98,9,SYNTHETIC DEMO DATA
2026-09-12T12:45:00,109,8,SYNTHETIC DEMO DATA
2026-09-12T12:50:00,93,7,SYNTHETIC DEMO DATA
2026-09-12T12:55:00,92,9,SYNTHETIC DEMO DATA
2026-09-12T13:00:00,99,10,SYNTHETIC DEMO DATA
2026-09-12T13:05:00,100,11,SYNTHETIC DEMO DATA
2026-09-12T13:10:00,83,12,SYNTHETIC DEMO DATA
2026-09-12T13:15:00,95,14,SYNTHETIC DEMO DATA
2026-09-12T13:20:00,97,12,SYNTHETIC DEMO DATA
2026-09-12T13:25:00,80,6,SYNTHETIC DEMO DATA
2026-09-12T13:30:00,101,10,SYNTHETIC DEMO DATA
2026-09-12T13:35:00,89,6,SYNTHETIC DEMO DATA
2026-09-12T13:40:00,74,10,SYNTHETIC DEMO DATA
2026-09-12T13:45:00,96,12,SYNTHETIC DEMO DATA
2026-09-12T13:50:00,95,11,SYNTHETIC DEMO DATA
2026-09-12T13:55:00,81,4,SYNTHETIC DEMO DATA
2026-09-12T14:00:00,77,5,SYNTHETIC DEMO DATA
2026-09-12T14:05:00,82,12,SYNTHETIC DEMO DATA
2026-09-12T14:10:00,76,8,SYNTHETIC DEMO DATA
2026-09-12T14:15:00,80,7,SYNTHETIC DEMO DATA
2026-09-12T14:20:00,76,9,SYNTHETIC DEMO DATA
2026-09-12T14:25:00,77,9,SYNTHETIC DEMO DATA
2026-09-12T14:30:00,75,5,SYNTHETIC DEMO DATA
2026-09-12T14:35:00,68,7,SYNTHETIC DEMO DATA
2026-09-12T14:40:00,70,9,SYNTHETIC DEMO DATA
2026-09-12T14:45:00,79,12,SYNTHETIC DEMO DATA
2026-09-12T14:50:00,77,6,SYNTHETIC DEMO DATA
2026-09-12T14:55:00,68,8,SYNTHETIC DEMO DATA
2026-09-12T15:00:00,61,7,SYNTHETIC DEMO DATA
2026-09-12T15:05:00,66,9,SYNTHETIC DEMO DATA
2026-09-12T15:10:00,62,9,SYNTHETIC DEMO DATA
2026-09-12T15:15:00,68,8,SYNTHETIC DEMO DATA
2026-09-12T15:20:00,69,8,SYNTHETIC DEMO DATA
2026-09-12T15:25:00,78,10,SYNTHETIC DEMO DATA
2026-09-12T15:30:00,68,6,SYNTHETIC DEMO DATA
2026-09-12T15:35:00,63,8,SYNTHETIC DEMO DATA
2026-09-12T15:40:00,69,4,SYNTHETIC DEMO DATA
2026-09-12T15:45:00,80,8,SYNTHETIC DEMO DATA
2026-09-12T15:50:00,84,4,SYNTHETIC DEMO DATA
2026-09-12T15:55:00,64,6,SYNTHETIC DEMO DATA
2026-09-12T16:00:00,75,4,SYNTHETIC DEMO DATA
2026-09-12T16:05:00,76,5,SYNTHETIC DEMO DATA
2026-09-12T16:10:00,89,8,SYNTHETIC DEMO DATA
2026-09-12T16:15:00,85,5,SYNTHETIC DEMO DATA
2026-09-12T16:20:00,88,8,SYNTHETIC DEMO DATA
2026-09-12T16:25:00,90,7,SYNTHETIC DEMO DATA
2026-09-12T16:30:00,89,13,SYNTHETIC DEMO DATA
2026-09-12T16:35:00,94,9,SYNTHETIC DEMO DATA
2026-09-12T16:40:00,113,8,SYNTHETIC DEMO DATA
2026-09-12T16:45:00,92,10,SYNTHETIC DEMO DATA
2026-09-12T16:50:00,106,6,SYNTHETIC DEMO DATA
2026-09-12T16:55:00,91,13,SYNTHETIC DEMO DATA
2026-09-12T17:00:00,105,6,SYNTHETIC DEMO DATA
2026-09-12T17:05:00,102,10,SYNTHETIC DEMO DATA
2026-09-12T17:10:00,107,15,SYNTHETIC DEMO DATA
2026-09-12T17:15:00,108,13,SYNTHETIC DEMO DATA
2026-09-12T17:20:00,93,10,SYNTHETIC DEMO DATA
2026-09-12T17:25:00,102,11,SYNTHETIC DEMO DATA
2026-09-12T17:30:00,120,14,SYNTHETIC DEMO DATA
2026-09-12T17:35:00,112,11,SYNTHETIC DEMO DATA
2026-09-12T17:40:00,120,17,SYNTHETIC DEMO DATA
2026-09-12T17:45:00,110,11,SYNTHETIC DEMO DATA
2026-09-12T17:50:00,118,8,SYNTHETIC DEMO DATA
2026-09-12T17:55:00,119,11,SYNTHETIC DEMO DATA
2026-09-12T18:00:00,108,15,SYNTHETIC DEMO DATA
2026-09-12T18:05:00,118,12,SYNTHETIC DEMO DATA
2026-09-12T18:10:00,94,10,SYNTHETIC DEMO DATA
2026-09-12T18:15:00,121,11,SYNTHETIC DEMO DATA
2026-09-12T18:20:00,105,14,SYNTHETIC DEMO DATA
2026-09-12T18:25:00,120,9,SYNTHETIC DEMO DATA
2026-09-12T18:30:00,103,13,SYNTHETIC DEMO DATA
2026-09-12T18:35:00,92,10,SYNTHETIC DEMO DATA
2026-09-12T18:40:00,103,12,SYNTHETIC DEMO DATA
2026-09-12T18:45:00,88,8,SYNTHETIC DEMO DATA
2026-09-12T18:50:00,94,8,SYNTHETIC DEMO DATA
2026-09-12T18:55:00,90,12,SYNTHETIC DEMO DATA
2026-09-12T19:00:00,87,11,SYNTHETIC DEMO DATA
2026-09-12T19:05:00,75,8,SYNTHETIC DEMO DATA
2026-09-12T19:10:00,90,7,SYNTHETIC DEMO DATA
2026-09-12T19:15:00,81,7,SYNTHETIC DEMO DATA
2026-09-12T19:20:00,73,7,SYNTHETIC DEMO DATA
2026-09-12T19:25:00,76,6,SYNTHETIC DEMO DATA
2026-09-12T19:30:00,68,4,SYNTHETIC DEMO DATA
2026-09-12T19:35:00,74,8,SYNTHETIC DEMO DATA
2026-09-12T19:40:00,74,4,SYNTHETIC DEMO DATA
2026-09-12T19:45:00,74,6,SYNTHETIC DEMO DATA
2026-09-12T19:50:00,56,7,SYNTHETIC DEMO DATA
2026-09-12T19:55:00,65,9,SYNTHETIC DEMO DATA
2026-09-12T20:00:00,55,5,SYNTHETIC DEMO DATA
2026-09-12T20:05:00,57,3,SYNTHETIC DEMO DATA
2026-09-12T20:10:00,49,6,SYNTHETIC DEMO DATA
2026-09-12T20:15:00,45,3,SYNTHETIC DEMO DATA
2026-09-12T20:20:00,44,4,SYNTHETIC DEMO DATA
2026-09-12T20:25:00,46,4,SYNTHETIC DEMO DATA
2026-09-12T20:30:00,41,5,SYNTHETIC DEMO DATA
2026-09-12T20:35:00,40,4,SYNTHETIC DEMO DATA
2026-09-12T20:40:00,35,2,SYNTHETIC DEMO DATA
2026-09-12T20:45:00,32,4,SYNTHETIC DEMO DATA
2026-09-12T20:50:00,29,4,SYNTHETIC DEMO DATA
2026-09-12T20:55:00,29,3,SYNTHETIC DEMO DATA
2026-09-12T21:00:00,27,1,SYNTHETIC DEMO DATA
2026-09-12T21:05:00,27,4,SYNTHETIC DEMO DATA
2026-09-12T21:10:00,22,3,SYNTHETIC DEMO DATA
2026-09-12T21:15:00,24,2,SYNTHETIC DEMO DATA
2026-09-12T21:20:00,24,2,SYNTHETIC DEMO DATA
2026-09-12T21:25:00,24,2,SYNTHETIC DEMO DATA
2026-09-12T21:30:00,23,3,SYNTHETIC DEMO DATA
2026-09-12T21:35:00,28,4,SYNTHETIC DEMO DATA
2026-09-12T21:40:00,29,2,SYNTHETIC DEMO DATA
2026-09-12T21:45:00,23,3,SYNTHETIC DEMO DATA
2026-09-12T21:50:00,25,2,SYNTHETIC DEMO DATA
2026-09-12T21:55:00,26,2,SYNTHETIC DEMO DATA
